-- --------------------------------------------------------
-- Host:                         127.0.0.1
-- Server version:               10.1.38-MariaDB - mariadb.org binary distribution
-- Server OS:                    Win32
-- HeidiSQL Version:             10.1.0.5464
-- --------------------------------------------------------

/*!40101 SET @OLD_CHARACTER_SET_CLIENT=@@CHARACTER_SET_CLIENT */;
/*!40101 SET NAMES utf8 */;
/*!50503 SET NAMES utf8mb4 */;
/*!40014 SET @OLD_FOREIGN_KEY_CHECKS=@@FOREIGN_KEY_CHECKS, FOREIGN_KEY_CHECKS=0 */;
/*!40101 SET @OLD_SQL_MODE=@@SQL_MODE, SQL_MODE='NO_AUTO_VALUE_ON_ZERO' */;

-- Dumping structure for table essentialmode.addon_account
CREATE TABLE IF NOT EXISTS `addon_account` (
  `id` int(11) NOT NULL AUTO_INCREMENT,
  `name` varchar(255) COLLATE utf8mb4_bin NOT NULL,
  `label` varchar(255) COLLATE utf8mb4_bin NOT NULL,
  `shared` int(11) NOT NULL,
  PRIMARY KEY (`id`)
) ENGINE=InnoDB AUTO_INCREMENT=52 DEFAULT CHARSET=utf8mb4 COLLATE=utf8mb4_bin;

-- Dumping data for table essentialmode.addon_account: ~11 rows (approximately)
/*!40000 ALTER TABLE `addon_account` DISABLE KEYS */;
INSERT INTO `addon_account` (`id`, `name`, `label`, `shared`) VALUES
	(38, 'caution', 'Caution', 0),
	(39, 'society_police', 'Polis', 1),
	(40, 'society_ambulance', 'Sjukvårdare', 1),
	(41, 'society_cardealer', 'Bilhandlare', 1),
	(42, 'property_black_money', 'Bostad Svarta Pengar', 0),
	(43, 'society_realestateagent', 'Mäklare', 1),
	(44, 'society_mecano', 'Mekaniker', 1),
	(46, 'society_farmen', 'Farmen', 1),
	(47, 'bankfack_black_money', 'Bankfack', 0),
	(48, 'society_bennys', 'Bennys', 1),
	(51, 'society_taxi', 'Taxi', 1);
/*!40000 ALTER TABLE `addon_account` ENABLE KEYS */;

-- Dumping structure for table essentialmode.addon_account_data
CREATE TABLE IF NOT EXISTS `addon_account_data` (
  `id` int(11) NOT NULL AUTO_INCREMENT,
  `account_name` varchar(255) COLLATE utf8mb4_bin DEFAULT NULL,
  `money` double NOT NULL,
  `owner` varchar(255) COLLATE utf8mb4_bin DEFAULT NULL,
  PRIMARY KEY (`id`)
) ENGINE=InnoDB AUTO_INCREMENT=126 DEFAULT CHARSET=utf8mb4 COLLATE=utf8mb4_bin;

-- Dumping data for table essentialmode.addon_account_data: ~122 rows (approximately)
/*!40000 ALTER TABLE `addon_account_data` DISABLE KEYS */;
INSERT INTO `addon_account_data` (`id`, `account_name`, `money`, `owner`) VALUES
	(1, 'society_police', 20000, NULL),
	(2, 'society_ambulance', 0, NULL),
	(3, 'society_cardealer', 735, NULL),
	(4, 'society_realestateagent', 0, NULL),
	(5, 'society_mecano', 400, NULL),
	(6, 'society_farmen', 0, NULL),
	(7, 'society_bennys', 0, NULL),
	(8, 'society_taxi', 0, NULL),
	(9, 'caution', 0, 'steam:11000010c6a226e'),
	(10, 'property_black_money', 0, 'steam:11000010c6a226e'),
	(11, 'bankfack_black_money', 0, 'steam:11000010c6a226e'),
	(12, 'bankfack_black_money', 0, 'steam:1100001121385c4'),
	(13, 'property_black_money', 0, 'steam:1100001121385c4'),
	(14, 'caution', 0, 'steam:1100001121385c4'),
	(15, 'bankfack_black_money', 0, 'steam:110000114898b97'),
	(16, 'caution', 0, 'steam:110000114898b97'),
	(17, 'property_black_money', 0, 'steam:110000114898b97'),
	(18, 'property_black_money', 0, 'steam:11000010a2f0ca2'),
	(19, 'bankfack_black_money', 0, 'steam:11000010a2f0ca2'),
	(20, 'caution', 0, 'steam:11000010a2f0ca2'),
	(21, 'property_black_money', 0, 'steam:11000010acee315'),
	(22, 'caution', 0, 'steam:11000010acee315'),
	(23, 'bankfack_black_money', 0, 'steam:11000010acee315'),
	(24, 'bankfack_black_money', 0, 'steam:11000013466bebc'),
	(25, 'property_black_money', 0, 'steam:11000013466bebc'),
	(26, 'caution', 0, 'steam:11000013466bebc'),
	(27, 'property_black_money', 0, 'steam:110000116fa1ad3'),
	(28, 'bankfack_black_money', 0, 'steam:110000116fa1ad3'),
	(29, 'caution', 0, 'steam:110000116fa1ad3'),
	(30, 'bankfack_black_money', 0, 'steam:1100001169feb5e'),
	(31, 'property_black_money', 0, 'steam:1100001169feb5e'),
	(32, 'caution', 0, 'steam:1100001169feb5e'),
	(33, 'caution', 0, 'steam:110000103b6bb22'),
	(34, 'bankfack_black_money', 0, 'steam:110000103b6bb22'),
	(35, 'property_black_money', 0, 'steam:110000103b6bb22'),
	(36, 'property_black_money', 0, 'steam:11000010e41b873'),
	(37, 'bankfack_black_money', 0, 'steam:11000010e41b873'),
	(38, 'caution', 0, 'steam:11000010e41b873'),
	(39, 'property_black_money', 0, 'steam:110000117a8d3e4'),
	(40, 'bankfack_black_money', 0, 'steam:110000117a8d3e4'),
	(41, 'caution', 0, 'steam:110000117a8d3e4'),
	(42, 'caution', 0, 'steam:1100001014c0f32'),
	(43, 'bankfack_black_money', 0, 'steam:1100001014c0f32'),
	(44, 'property_black_money', 0, 'steam:1100001014c0f32'),
	(45, 'bankfack_black_money', 0, 'steam:11000010cfda651'),
	(46, 'caution', 0, 'steam:11000010cfda651'),
	(47, 'property_black_money', 0, 'steam:11000010cfda651'),
	(48, 'caution', 2000, 'steam:11000011b7fc75b'),
	(49, 'property_black_money', 0, 'steam:11000011b7fc75b'),
	(50, 'bankfack_black_money', 0, 'steam:11000011b7fc75b'),
	(51, 'property_black_money', 0, 'steam:110000114093c56'),
	(52, 'caution', 0, 'steam:110000114093c56'),
	(53, 'bankfack_black_money', 0, 'steam:110000114093c56'),
	(54, 'bankfack_black_money', 0, 'steam:11000010d84c1d1'),
	(55, 'caution', 0, 'steam:11000010d84c1d1'),
	(56, 'property_black_money', 0, 'steam:11000010d84c1d1'),
	(57, 'property_black_money', 0, 'steam:11000010da0ad17'),
	(58, 'caution', 0, 'steam:11000010da0ad17'),
	(59, 'bankfack_black_money', 0, 'steam:11000010da0ad17'),
	(60, 'bankfack_black_money', 0, 'steam:110000117f2b3c9'),
	(61, 'property_black_money', 0, 'steam:110000117f2b3c9'),
	(62, 'caution', 0, 'steam:110000117f2b3c9'),
	(63, 'property_black_money', 0, 'steam:11000010e17cc5d'),
	(64, 'bankfack_black_money', 0, 'steam:11000010e17cc5d'),
	(65, 'caution', 0, 'steam:11000010e17cc5d'),
	(66, 'bankfack_black_money', 0, 'steam:1100001154e1295'),
	(67, 'property_black_money', 0, 'steam:1100001154e1295'),
	(68, 'caution', 0, 'steam:1100001154e1295'),
	(69, 'bankfack_black_money', 0, 'steam:11000010f2c4a51'),
	(70, 'property_black_money', 0, 'steam:11000010f2c4a51'),
	(71, 'caution', 0, 'steam:11000010f2c4a51'),
	(72, 'caution', 0, 'steam:11000010f673004'),
	(73, 'bankfack_black_money', 0, 'steam:11000010f673004'),
	(74, 'property_black_money', 0, 'steam:11000010f673004'),
	(75, 'caution', 0, 'steam:11000011b49bddc'),
	(76, 'bankfack_black_money', 0, 'steam:11000011b49bddc'),
	(77, 'property_black_money', 0, 'steam:11000011b49bddc'),
	(78, 'property_black_money', 0, 'steam:110000136e66411'),
	(79, 'caution', 2000, 'steam:110000136e66411'),
	(80, 'bankfack_black_money', 0, 'steam:110000136e66411'),
	(81, 'bankfack_black_money', 0, 'steam:1100001053fa0b2'),
	(82, 'caution', 0, 'steam:1100001053fa0b2'),
	(83, 'property_black_money', 0, 'steam:1100001053fa0b2'),
	(84, 'caution', 0, 'steam:1100001186575b4'),
	(85, 'property_black_money', 0, 'steam:1100001186575b4'),
	(86, 'bankfack_black_money', 0, 'steam:1100001186575b4'),
	(87, 'caution', 0, 'steam:110000118327047'),
	(88, 'bankfack_black_money', 0, 'steam:110000118327047'),
	(89, 'property_black_money', 0, 'steam:110000118327047'),
	(90, 'bankfack_black_money', 0, 'steam:110000134a88ca8'),
	(91, 'caution', 0, 'steam:110000134a88ca8'),
	(92, 'property_black_money', 0, 'steam:110000134a88ca8'),
	(93, 'property_black_money', 0, 'steam:11000010a79f3aa'),
	(94, 'caution', 0, 'steam:11000010a79f3aa'),
	(95, 'bankfack_black_money', 0, 'steam:11000010a79f3aa'),
	(96, 'property_black_money', 0, 'steam:110000116f9d5a5'),
	(97, 'bankfack_black_money', 0, 'steam:110000116f9d5a5'),
	(98, 'caution', 0, 'steam:110000116f9d5a5'),
	(99, 'bankfack_black_money', 0, 'steam:110000109a83943'),
	(100, 'property_black_money', 0, 'steam:110000109a83943'),
	(101, 'caution', 0, 'steam:110000109a83943'),
	(102, 'property_black_money', 0, 'steam:11000010bed4eaa'),
	(103, 'bankfack_black_money', 0, 'steam:11000010bed4eaa'),
	(104, 'caution', 2000, 'steam:11000010bed4eaa'),
	(105, 'caution', 0, 'steam:110000107100940'),
	(106, 'bankfack_black_money', 0, 'steam:110000107100940'),
	(107, 'property_black_money', 0, 'steam:110000107100940'),
	(108, 'bankfack_black_money', 0, 'steam:110000106229b86'),
	(109, 'property_black_money', 0, 'steam:110000106229b86'),
	(110, 'caution', 0, 'steam:110000106229b86'),
	(111, 'bankfack_black_money', 0, 'steam:110000103cf90e3'),
	(112, 'property_black_money', 0, 'steam:110000103cf90e3'),
	(113, 'caution', 0, 'steam:110000103cf90e3'),
	(114, 'property_black_money', 0, 'steam:11000010003637e'),
	(115, 'bankfack_black_money', 0, 'steam:11000010003637e'),
	(116, 'caution', 0, 'steam:11000010003637e'),
	(120, 'bankfack_black_money', 0, 'steam:11000010b797c96'),
	(121, 'property_black_money', 0, 'steam:11000010b797c96'),
	(122, 'caution', 0, 'steam:11000010b797c96'),
	(123, 'bankfack_black_money', 0, 'steam:11000010bf0ba8a'),
	(124, 'property_black_money', 0, 'steam:11000010bf0ba8a'),
	(125, 'caution', 0, 'steam:11000010bf0ba8a');
/*!40000 ALTER TABLE `addon_account_data` ENABLE KEYS */;

-- Dumping structure for table essentialmode.addon_inventory
CREATE TABLE IF NOT EXISTS `addon_inventory` (
  `id` int(11) NOT NULL AUTO_INCREMENT,
  `name` varchar(255) COLLATE utf8mb4_bin NOT NULL,
  `label` varchar(255) COLLATE utf8mb4_bin NOT NULL,
  `shared` int(11) NOT NULL,
  PRIMARY KEY (`id`)
) ENGINE=InnoDB AUTO_INCREMENT=37 DEFAULT CHARSET=utf8mb4 COLLATE=utf8mb4_bin;

-- Dumping data for table essentialmode.addon_inventory: ~9 rows (approximately)
/*!40000 ALTER TABLE `addon_inventory` DISABLE KEYS */;
INSERT INTO `addon_inventory` (`id`, `name`, `label`, `shared`) VALUES
	(6, 'society_ambulance', 'Sjukvårdare', 1),
	(27, 'society_police', 'Polis', 1),
	(28, 'society_cardealer', 'Bilförsäljare', 1),
	(29, 'property', 'Fastighet', 0),
	(30, 'society_mecano', 'Mekaniker', 1),
	(32, 'society_farmen', 'Farmen', 1),
	(33, 'bankfack', 'Bankfack', 0),
	(34, 'society_bennys', 'Bennys', 1),
	(36, 'society_taxi', 'Taxi', 1);
/*!40000 ALTER TABLE `addon_inventory` ENABLE KEYS */;

-- Dumping structure for table essentialmode.addon_inventory_items
CREATE TABLE IF NOT EXISTS `addon_inventory_items` (
  `id` int(11) NOT NULL AUTO_INCREMENT,
  `inventory_name` varchar(255) COLLATE utf8mb4_bin NOT NULL,
  `name` varchar(255) COLLATE utf8mb4_bin NOT NULL,
  `count` int(11) NOT NULL,
  `owner` varchar(60) COLLATE utf8mb4_bin DEFAULT NULL,
  PRIMARY KEY (`id`)
) ENGINE=InnoDB AUTO_INCREMENT=2 DEFAULT CHARSET=utf8mb4 COLLATE=utf8mb4_bin;

-- Dumping data for table essentialmode.addon_inventory_items: ~0 rows (approximately)
/*!40000 ALTER TABLE `addon_inventory_items` DISABLE KEYS */;
/*!40000 ALTER TABLE `addon_inventory_items` ENABLE KEYS */;

-- Dumping structure for table essentialmode.billing
CREATE TABLE IF NOT EXISTS `billing` (
  `id` int(11) NOT NULL AUTO_INCREMENT,
  `identifier` varchar(255) COLLATE utf8mb4_bin NOT NULL,
  `sender` varchar(255) COLLATE utf8mb4_bin NOT NULL,
  `target_type` varchar(50) COLLATE utf8mb4_bin NOT NULL,
  `target` varchar(255) COLLATE utf8mb4_bin NOT NULL,
  `label` varchar(255) COLLATE utf8mb4_bin NOT NULL,
  `amount` int(11) NOT NULL,
  PRIMARY KEY (`id`)
) ENGINE=InnoDB AUTO_INCREMENT=7 DEFAULT CHARSET=utf8mb4 COLLATE=utf8mb4_bin;

-- Dumping data for table essentialmode.billing: ~0 rows (approximately)
/*!40000 ALTER TABLE `billing` DISABLE KEYS */;
/*!40000 ALTER TABLE `billing` ENABLE KEYS */;

-- Dumping structure for table essentialmode.cardealer_vehicles
CREATE TABLE IF NOT EXISTS `cardealer_vehicles` (
  `id` int(11) NOT NULL AUTO_INCREMENT,
  `vehicle` varchar(255) NOT NULL,
  `price` int(11) NOT NULL,
  PRIMARY KEY (`id`)
) ENGINE=InnoDB AUTO_INCREMENT=14 DEFAULT CHARSET=latin1;

-- Dumping data for table essentialmode.cardealer_vehicles: ~0 rows (approximately)
/*!40000 ALTER TABLE `cardealer_vehicles` DISABLE KEYS */;
/*!40000 ALTER TABLE `cardealer_vehicles` ENABLE KEYS */;

-- Dumping structure for table essentialmode.characters
CREATE TABLE IF NOT EXISTS `characters` (
  `id` int(11) NOT NULL AUTO_INCREMENT,
  `identifier` varchar(255) NOT NULL,
  `firstname` varchar(255) NOT NULL,
  `lastname` varchar(255) NOT NULL,
  `dateofbirth` varchar(255) NOT NULL,
  `sex` varchar(10) NOT NULL DEFAULT '',
  `height` varchar(128) NOT NULL,
  PRIMARY KEY (`id`)
) ENGINE=InnoDB AUTO_INCREMENT=103 DEFAULT CHARSET=latin1;

-- Dumping data for table essentialmode.characters: ~42 rows (approximately)
/*!40000 ALTER TABLE `characters` DISABLE KEYS */;
INSERT INTO `characters` (`id`, `identifier`, `firstname`, `lastname`, `dateofbirth`, `sex`, `height`) VALUES
	(57, 'steam:1100001121385c4', 'Rofus', 'Bergström', '1995-03-17', 'Man', '189'),
	(58, 'steam:11000010c6a226e', 'Ragnar', 'Lind', '1987-12-20', 'Man', '187'),
	(59, 'steam:110000114898b97', 'Jax', 'Perez', '1998-02-21', 'Man', '187'),
	(60, 'steam:11000010a2f0ca2', 'Karim', 'Mitovic', '1989-04-27', 'Man', '187'),
	(61, 'steam:11000010acee315', 'Linnea', 'Andersson', '1991-11-10', 'Kvinna', '166'),
	(62, 'steam:11000013466bebc', 'Janne', 'Larsson', '1988-03-06', 'Man', '186'),
	(63, 'steam:110000116fa1ad3', 'Kurt', 'Lynch', '1994/12/24', 'Man', '189'),
	(64, 'Char1:1100001169feb5e', 'Rikard', 'Larsson', '1990-01-24', 'Man', '185'),
	(65, 'steam:110000103b6bb22', 'Pelle', 'Jönsson', '1988-03-18', 'Man', '195'),
	(66, 'steam:11000010e41b873', 'Danilo', 'Romano', '1990609', 'Man', '195'),
	(67, 'steam:110000117a8d3e4', 'Ferduz', 'Kamel', '1990-01-19', 'Man', '185'),
	(69, 'steam:11000010cfda651', 'Alex', 'Ian', '19940521', 'Man', '178'),
	(70, 'steam:11000011b7fc75b', 'Andreas', 'Karlsson', '1988-02-05', 'Man', '187'),
	(71, 'steam:110000114093c56', 'Josef', 'Bath', '1980012011', 'Man', '185'),
	(72, 'steam:1100001014c0f32', 'Doc', 'Kalrsson', '19950301', 'Man', '185'),
	(73, 'steam:11000010d84c1d1', 'Valle', 'Andersson', '1988/08/29', 'Man', '190'),
	(74, 'steam:11000010da0ad17', 'Roger', 'Mekarn', '1955-04-23', 'Man', '192'),
	(75, 'steam:110000117f2b3c9', 'Sebastian ', 'Larsson', '1980', 'Man', '189'),
	(77, 'steam:11000010e17cc5d', 'Kashmir', 'Sansovino', '1991-02-22-0897', 'Man', '190'),
	(78, 'Char2:11000010e17cc5d', 'Antoni ', 'Sansovino', '1991-02-22-0898', 'Man', '190'),
	(79, 'steam:1100001154e1295', 'Victor', 'Larsson', '1996-05-08', 'Man', '192'),
	(80, 'steam:11000010f2c4a51', 'Lloyd', 'King', '1990-09-04', 'Man', '190'),
	(81, 'steam:11000010f673004', 'Marcus', 'Johansson', '1994-10-31', 'Man', '185'),
	(82, 'steam:11000011b49bddc', 'Göran', 'Larsson', '1990-03-30', 'Man', '187'),
	(83, 'steam:110000136e66411', 'Arvid', 'Svennberg', '20040718', 'Man', '187'),
	(84, 'steam:1100001053fa0b2', 'Leifi', 'Plomeros', '1978-08-03', 'Man', '178'),
	(85, 'steam:1100001186575b4', 'Daniel ', 'Adams', '1990-04-29', 'Man', '190'),
	(87, 'steam:110000134a88ca8', 'Anas', 'Kamel', '1995-04-16', 'Man', '189'),
	(88, 'steam:110000118327047', 'Kazku', 'Kamel', '1995-02-05', 'Man', '178'),
	(89, 'steam:110000118327047', 'Kazku', 'Kamel', '1995-02-05', 'Man', '178'),
	(90, 'steam:110000134a88ca8', 'Anas', 'Kamel', '1995-04-16', 'Man', '189'),
	(91, 'steam:110000118327047', 'Kazku', 'Kamel', '1995-02-05', 'Man', '187'),
	(92, 'steam:11000010a79f3aa', 'Jason', 'Walker', '1989-10-10', 'Man', '198'),
	(93, 'steam:110000116f9d5a5', 'David', 'Lynch', '1990/08/01', 'Man', '180'),
	(94, 'steam:110000109a83943', 'Abou', 'Petrovic', '1983-08-04', 'Man', '184'),
	(95, 'steam:11000010bed4eaa', 'Carlos', 'Elvante', '1983-07-03', 'Man', '198'),
	(96, 'steam:110000107100940', 'Tyrone ', 'Deshawn', '2000-01-19', 'Man', '183'),
	(97, 'steam:110000106229b86', 'Johan ', 'Petersson', '19950530', 'Man', '182'),
	(98, 'steam:110000103cf90e3', 'Kevin', 'Olsson', '1990-04-25', 'Man', '192'),
	(99, 'steam:11000010003637e', 'Kodjo', 'Petrovic', '1998-06-15', 'Man', '185'),
	(101, 'steam:11000010b797c96', 'Sven', 'Andersson', '1983-01-04', 'Man', '188'),
	(102, 'steam:11000010bf0ba8a', 'Oskar', 'Svärd', '1998-12-14', 'Man', '140');
/*!40000 ALTER TABLE `characters` ENABLE KEYS */;

-- Dumping structure for table essentialmode.datastore
CREATE TABLE IF NOT EXISTS `datastore` (
  `id` int(11) NOT NULL AUTO_INCREMENT,
  `name` varchar(255) COLLATE utf8mb4_bin NOT NULL,
  `label` varchar(255) COLLATE utf8mb4_bin NOT NULL,
  `shared` int(11) NOT NULL,
  PRIMARY KEY (`id`)
) ENGINE=InnoDB AUTO_INCREMENT=34 DEFAULT CHARSET=utf8mb4 COLLATE=utf8mb4_bin;

-- Dumping data for table essentialmode.datastore: ~11 rows (approximately)
/*!40000 ALTER TABLE `datastore` DISABLE KEYS */;
INSERT INTO `datastore` (`id`, `name`, `label`, `shared`) VALUES
	(1, 'society_police', 'Polis', 1),
	(2, 'user_mask', 'Mask', 0),
	(3, 'property', 'Fastighet', 0),
	(22, 'user_ears', 'Örontillbehör', 0),
	(23, 'user_glasses', 'Glasögon', 0),
	(24, 'user_helmet', 'Hjälm', 0),
	(26, 'user_watches', 'Klockor', 0),
	(28, 'society_ambulance', 'Sjukvårdare', 1),
	(29, 'user_bracelets', 'Halsband', 0),
	(32, 'society_farmen', 'Farmen', 1),
	(33, 'society_taxi', 'Taxi', 1);
/*!40000 ALTER TABLE `datastore` ENABLE KEYS */;

-- Dumping structure for table essentialmode.datastore_data
CREATE TABLE IF NOT EXISTS `datastore_data` (
  `id` int(11) NOT NULL AUTO_INCREMENT,
  `name` varchar(255) COLLATE utf8mb4_bin NOT NULL,
  `owner` varchar(255) COLLATE utf8mb4_bin DEFAULT NULL,
  `data` longtext COLLATE utf8mb4_bin,
  PRIMARY KEY (`id`)
) ENGINE=InnoDB AUTO_INCREMENT=278 DEFAULT CHARSET=utf8mb4 COLLATE=utf8mb4_bin;

-- Dumping data for table essentialmode.datastore_data: ~270 rows (approximately)
/*!40000 ALTER TABLE `datastore_data` DISABLE KEYS */;
INSERT INTO `datastore_data` (`id`, `name`, `owner`, `data`) VALUES
	(1, 'society_police', NULL, '{"weapons":[{"name":"WEAPON_NIGHTSTICK","count":0},{"name":"WEAPON_COMBATPISTOL","count":0},{"name":"WEAPON_STUNGUN","count":0},{"name":"WEAPON_FLASHLIGHT","count":0},{"count":0,"name":"WEAPON_FIREEXTINGUISHER"}]}'),
	(2, 'society_ambulance', NULL, '{}'),
	(3, 'society_farmen', NULL, '{}'),
	(4, 'society_taxi', NULL, '{}'),
	(5, 'user_watches', 'steam:11000010c6a226e', '{}'),
	(6, 'user_bracelets', 'steam:11000010c6a226e', '{}'),
	(7, 'user_ears', 'steam:11000010c6a226e', '{}'),
	(8, 'user_helmet', 'steam:11000010c6a226e', '{}'),
	(9, 'property', 'steam:11000010c6a226e', '{}'),
	(10, 'user_glasses', 'steam:11000010c6a226e', '{}'),
	(11, 'user_mask', 'steam:11000010c6a226e', '{}'),
	(12, 'user_helmet', 'steam:1100001121385c4', '{}'),
	(13, 'user_watches', 'steam:1100001121385c4', '{}'),
	(14, 'user_bracelets', 'steam:1100001121385c4', '{}'),
	(15, 'user_ears', 'steam:1100001121385c4', '{}'),
	(16, 'user_glasses', 'steam:1100001121385c4', '{}'),
	(17, 'user_mask', 'steam:1100001121385c4', '{}'),
	(18, 'property', 'steam:1100001121385c4', '{}'),
	(19, 'property', 'steam:110000114898b97', '{}'),
	(20, 'user_mask', 'steam:110000114898b97', '{}'),
	(21, 'user_watches', 'steam:110000114898b97', '{}'),
	(22, 'user_ears', 'steam:110000114898b97', '{}'),
	(23, 'user_glasses', 'steam:110000114898b97', '{}'),
	(24, 'user_bracelets', 'steam:110000114898b97', '{}'),
	(25, 'user_helmet', 'steam:110000114898b97', '{}'),
	(26, 'user_mask', 'steam:11000010a2f0ca2', '{}'),
	(27, 'property', 'steam:11000010a2f0ca2', '{}'),
	(28, 'user_ears', 'steam:11000010a2f0ca2', '{}'),
	(29, 'user_glasses', 'steam:11000010a2f0ca2', '{}'),
	(30, 'user_helmet', 'steam:11000010a2f0ca2', '{}'),
	(31, 'user_watches', 'steam:11000010a2f0ca2', '{}'),
	(32, 'user_bracelets', 'steam:11000010a2f0ca2', '{}'),
	(33, 'user_helmet', 'steam:11000010acee315', '{}'),
	(34, 'user_watches', 'steam:11000010acee315', '{}'),
	(35, 'user_mask', 'steam:11000010acee315', '{}'),
	(36, 'user_bracelets', 'steam:11000010acee315', '{}'),
	(37, 'property', 'steam:11000010acee315', '{}'),
	(38, 'user_ears', 'steam:11000010acee315', '{}'),
	(39, 'user_glasses', 'steam:11000010acee315', '{}'),
	(40, 'user_glasses', 'steam:11000013466bebc', '{}'),
	(41, 'user_watches', 'steam:11000013466bebc', '{}'),
	(42, 'user_helmet', 'steam:11000013466bebc', '{}'),
	(43, 'user_bracelets', 'steam:11000013466bebc', '{}'),
	(44, 'user_mask', 'steam:11000013466bebc', '{}'),
	(45, 'property', 'steam:11000013466bebc', '{}'),
	(46, 'user_ears', 'steam:11000013466bebc', '{}'),
	(47, 'user_ears', 'steam:110000116fa1ad3', '{}'),
	(48, 'user_helmet', 'steam:110000116fa1ad3', '{}'),
	(49, 'property', 'steam:110000116fa1ad3', '{}'),
	(50, 'user_mask', 'steam:110000116fa1ad3', '{}'),
	(51, 'user_glasses', 'steam:110000116fa1ad3', '{}'),
	(52, 'user_watches', 'steam:110000116fa1ad3', '{}'),
	(53, 'user_bracelets', 'steam:110000116fa1ad3', '{}'),
	(54, 'property', 'steam:1100001169feb5e', '{}'),
	(55, 'user_mask', 'steam:1100001169feb5e', '{}'),
	(56, 'user_ears', 'steam:1100001169feb5e', '{}'),
	(57, 'user_glasses', 'steam:1100001169feb5e', '{}'),
	(58, 'user_bracelets', 'steam:1100001169feb5e', '{}'),
	(59, 'user_watches', 'steam:1100001169feb5e', '{}'),
	(60, 'user_helmet', 'steam:1100001169feb5e', '{}'),
	(61, 'property', 'steam:110000103b6bb22', '{}'),
	(62, 'user_helmet', 'steam:110000103b6bb22', '{}'),
	(63, 'user_bracelets', 'steam:110000103b6bb22', '{}'),
	(64, 'user_mask', 'steam:110000103b6bb22', '{}'),
	(65, 'user_ears', 'steam:110000103b6bb22', '{}'),
	(66, 'user_glasses', 'steam:110000103b6bb22', '{}'),
	(67, 'user_watches', 'steam:110000103b6bb22', '{}'),
	(68, 'property', 'steam:11000010e41b873', '{}'),
	(69, 'user_ears', 'steam:11000010e41b873', '{}'),
	(70, 'user_watches', 'steam:11000010e41b873', '{}'),
	(71, 'user_glasses', 'steam:11000010e41b873', '{}'),
	(72, 'user_helmet', 'steam:11000010e41b873', '{}'),
	(73, 'user_mask', 'steam:11000010e41b873', '{}'),
	(74, 'user_bracelets', 'steam:11000010e41b873', '{}'),
	(75, 'user_mask', 'steam:110000117a8d3e4', '{}'),
	(76, 'user_ears', 'steam:110000117a8d3e4', '{}'),
	(77, 'user_watches', 'steam:110000117a8d3e4', '{}'),
	(78, 'user_helmet', 'steam:110000117a8d3e4', '{}'),
	(79, 'user_bracelets', 'steam:110000117a8d3e4', '{}'),
	(80, 'property', 'steam:110000117a8d3e4', '{}'),
	(81, 'user_glasses', 'steam:110000117a8d3e4', '{}'),
	(82, 'property', 'steam:1100001014c0f32', '{}'),
	(83, 'user_ears', 'steam:1100001014c0f32', '{}'),
	(84, 'user_watches', 'steam:1100001014c0f32', '{}'),
	(85, 'user_helmet', 'steam:1100001014c0f32', '{}'),
	(86, 'user_glasses', 'steam:1100001014c0f32', '{}'),
	(87, 'user_bracelets', 'steam:1100001014c0f32', '{}'),
	(88, 'user_mask', 'steam:1100001014c0f32', '{}'),
	(89, 'user_glasses', 'steam:11000010cfda651', '{}'),
	(90, 'user_bracelets', 'steam:11000010cfda651', '{}'),
	(91, 'user_helmet', 'steam:11000010cfda651', '{}'),
	(92, 'user_mask', 'steam:11000010cfda651', '{}'),
	(93, 'user_ears', 'steam:11000010cfda651', '{}'),
	(94, 'user_watches', 'steam:11000010cfda651', '{}'),
	(95, 'property', 'steam:11000010cfda651', '{}'),
	(96, 'user_glasses', 'steam:11000011b7fc75b', '{}'),
	(97, 'property', 'steam:11000011b7fc75b', '{}'),
	(98, 'user_ears', 'steam:11000011b7fc75b', '{}'),
	(99, 'user_helmet', 'steam:11000011b7fc75b', '{}'),
	(100, 'user_watches', 'steam:11000011b7fc75b', '{}'),
	(101, 'user_bracelets', 'steam:11000011b7fc75b', '{}'),
	(102, 'user_mask', 'steam:11000011b7fc75b', '{}'),
	(103, 'user_bracelets', 'steam:110000114093c56', '{}'),
	(104, 'user_ears', 'steam:110000114093c56', '{}'),
	(105, 'user_helmet', 'steam:110000114093c56', '{}'),
	(106, 'user_mask', 'steam:110000114093c56', '{}'),
	(107, 'property', 'steam:110000114093c56', '{}'),
	(108, 'user_watches', 'steam:110000114093c56', '{}'),
	(109, 'user_glasses', 'steam:110000114093c56', '{}'),
	(110, 'user_helmet', 'steam:11000010d84c1d1', '{}'),
	(111, 'property', 'steam:11000010d84c1d1', '{}'),
	(112, 'user_ears', 'steam:11000010d84c1d1', '{}'),
	(113, 'user_mask', 'steam:11000010d84c1d1', '{}'),
	(114, 'user_watches', 'steam:11000010d84c1d1', '{}'),
	(115, 'user_glasses', 'steam:11000010d84c1d1', '{}'),
	(116, 'user_bracelets', 'steam:11000010d84c1d1', '{}'),
	(117, 'user_glasses', 'steam:11000010da0ad17', '{}'),
	(118, 'user_bracelets', 'steam:11000010da0ad17', '{}'),
	(119, 'user_watches', 'steam:11000010da0ad17', '{}'),
	(120, 'user_ears', 'steam:11000010da0ad17', '{}'),
	(121, 'user_helmet', 'steam:11000010da0ad17', '{}'),
	(122, 'user_mask', 'steam:11000010da0ad17', '{}'),
	(123, 'property', 'steam:11000010da0ad17', '{}'),
	(124, 'user_mask', 'steam:110000117f2b3c9', '{}'),
	(125, 'user_ears', 'steam:110000117f2b3c9', '{}'),
	(126, 'user_watches', 'steam:110000117f2b3c9', '{}'),
	(127, 'user_helmet', 'steam:110000117f2b3c9', '{}'),
	(128, 'user_glasses', 'steam:110000117f2b3c9', '{}'),
	(129, 'user_bracelets', 'steam:110000117f2b3c9', '{}'),
	(130, 'property', 'steam:110000117f2b3c9', '{}'),
	(131, 'user_watches', 'steam:11000010e17cc5d', '{}'),
	(132, 'user_bracelets', 'steam:11000010e17cc5d', '{}'),
	(133, 'user_glasses', 'steam:11000010e17cc5d', '{}'),
	(134, 'property', 'steam:11000010e17cc5d', '{}'),
	(135, 'user_mask', 'steam:11000010e17cc5d', '{}'),
	(136, 'user_ears', 'steam:11000010e17cc5d', '{}'),
	(137, 'user_helmet', 'steam:11000010e17cc5d', '{}'),
	(138, 'user_glasses', 'steam:1100001154e1295', '{}'),
	(139, 'user_ears', 'steam:1100001154e1295', '{}'),
	(140, 'user_helmet', 'steam:1100001154e1295', '{}'),
	(141, 'user_bracelets', 'steam:1100001154e1295', '{}'),
	(142, 'user_watches', 'steam:1100001154e1295', '{}'),
	(143, 'user_mask', 'steam:1100001154e1295', '{}'),
	(144, 'property', 'steam:1100001154e1295', '{}'),
	(145, 'user_mask', 'steam:11000010f2c4a51', '{}'),
	(146, 'user_helmet', 'steam:11000010f2c4a51', '{}'),
	(147, 'user_glasses', 'steam:11000010f2c4a51', '{}'),
	(148, 'user_watches', 'steam:11000010f2c4a51', '{}'),
	(149, 'user_bracelets', 'steam:11000010f2c4a51', '{}'),
	(150, 'user_ears', 'steam:11000010f2c4a51', '{}'),
	(151, 'property', 'steam:11000010f2c4a51', '{}'),
	(152, 'user_watches', 'steam:11000010f673004', '{}'),
	(153, 'user_mask', 'steam:11000010f673004', '{}'),
	(154, 'user_glasses', 'steam:11000010f673004', '{}'),
	(155, 'user_bracelets', 'steam:11000010f673004', '{}'),
	(156, 'property', 'steam:11000010f673004', '{}'),
	(157, 'user_helmet', 'steam:11000010f673004', '{}'),
	(158, 'user_ears', 'steam:11000010f673004', '{}'),
	(159, 'user_glasses', 'steam:11000011b49bddc', '{}'),
	(160, 'user_helmet', 'steam:11000011b49bddc', '{}'),
	(161, 'user_watches', 'steam:11000011b49bddc', '{}'),
	(162, 'user_bracelets', 'steam:11000011b49bddc', '{}'),
	(163, 'property', 'steam:11000011b49bddc', '{"dressing":[{"label":"Mekaniker med väst - Göran","skin":{"bracelets_2":0,"helmet_1":-1,"pants_1":97,"hair_color_2":58,"tshirt_2":1,"bracelets_1":-1,"eyebrows_4":0,"bags_1":0,"face":44,"decals_2":0,"torso_2":0,"ears_2":0,"eyebrows_1":2,"bproof_1":0,"ears_1":-1,"makeup_2":0,"shoes_1":27,"bags_2":0,"makeup_4":0,"beard_1":11,"lipstick_1":0,"skin":5,"mask_1":0,"lipstick_2":0,"hair_1":19,"glasses_1":0,"makeup_3":0,"beard_2":10,"hair_2":0,"eyebrows_2":10,"chain_1":0,"beard_4":0,"mask_2":0,"hair_color_1":2,"tshirt_1":59,"pants_2":16,"watches_1":-1,"age_2":0,"lipstick_4":0,"bproof_2":0,"glasses":0,"lipstick_3":0,"decals_1":0,"sex":0,"eyebrows_3":0,"glasses_2":0,"helmet_2":0,"watches_2":0,"age_1":0,"torso_1":146,"makeup_1":0,"chain_2":0,"shoes_2":0,"arms":41,"beard_3":0}}]}'),
	(164, 'user_ears', 'steam:11000011b49bddc', '{}'),
	(165, 'user_mask', 'steam:11000011b49bddc', '{}'),
	(166, 'user_glasses', 'steam:110000136e66411', '{}'),
	(167, 'user_mask', 'steam:110000136e66411', '{}'),
	(168, 'user_watches', 'steam:110000136e66411', '{}'),
	(169, 'user_helmet', 'steam:110000136e66411', '{}'),
	(170, 'user_bracelets', 'steam:110000136e66411', '{}'),
	(171, 'property', 'steam:110000136e66411', '{}'),
	(172, 'user_ears', 'steam:110000136e66411', '{}'),
	(173, 'user_mask', 'steam:1100001053fa0b2', '{}'),
	(174, 'user_ears', 'steam:1100001053fa0b2', '{}'),
	(175, 'user_helmet', 'steam:1100001053fa0b2', '{}'),
	(176, 'property', 'steam:1100001053fa0b2', '{}'),
	(177, 'user_watches', 'steam:1100001053fa0b2', '{}'),
	(178, 'user_bracelets', 'steam:1100001053fa0b2', '{}'),
	(179, 'user_glasses', 'steam:1100001053fa0b2', '{}'),
	(180, 'user_watches', 'steam:1100001186575b4', '{}'),
	(181, 'user_helmet', 'steam:1100001186575b4', '{}'),
	(182, 'user_ears', 'steam:1100001186575b4', '{}'),
	(183, 'user_bracelets', 'steam:1100001186575b4', '{}'),
	(184, 'user_glasses', 'steam:1100001186575b4', '{}'),
	(185, 'property', 'steam:1100001186575b4', '{}'),
	(186, 'user_mask', 'steam:1100001186575b4', '{}'),
	(187, 'user_watches', 'steam:110000118327047', '{}'),
	(188, 'user_bracelets', 'steam:110000118327047', '{}'),
	(189, 'user_helmet', 'steam:110000118327047', '{}'),
	(190, 'user_mask', 'steam:110000118327047', '{}'),
	(191, 'user_glasses', 'steam:110000118327047', '{}'),
	(192, 'user_ears', 'steam:110000118327047', '{}'),
	(193, 'property', 'steam:110000118327047', '{}'),
	(194, 'user_glasses', 'steam:110000134a88ca8', '{}'),
	(195, 'user_helmet', 'steam:110000134a88ca8', '{}'),
	(196, 'property', 'steam:110000134a88ca8', '{}'),
	(197, 'user_ears', 'steam:110000134a88ca8', '{}'),
	(198, 'user_watches', 'steam:110000134a88ca8', '{}'),
	(199, 'user_mask', 'steam:110000134a88ca8', '{}'),
	(200, 'user_bracelets', 'steam:110000134a88ca8', '{}'),
	(201, 'user_mask', 'steam:11000010a79f3aa', '{}'),
	(202, 'user_bracelets', 'steam:11000010a79f3aa', '{}'),
	(203, 'user_watches', 'steam:11000010a79f3aa', '{}'),
	(204, 'user_helmet', 'steam:11000010a79f3aa', '{}'),
	(205, 'user_ears', 'steam:11000010a79f3aa', '{}'),
	(206, 'property', 'steam:11000010a79f3aa', '{}'),
	(207, 'user_glasses', 'steam:11000010a79f3aa', '{}'),
	(208, 'property', 'steam:110000116f9d5a5', '{}'),
	(209, 'user_helmet', 'steam:110000116f9d5a5', '{}'),
	(210, 'user_mask', 'steam:110000116f9d5a5', '{}'),
	(211, 'user_bracelets', 'steam:110000116f9d5a5', '{}'),
	(212, 'user_watches', 'steam:110000116f9d5a5', '{}'),
	(213, 'user_glasses', 'steam:110000116f9d5a5', '{}'),
	(214, 'user_ears', 'steam:110000116f9d5a5', '{}'),
	(215, 'user_watches', 'steam:110000109a83943', '{}'),
	(216, 'user_helmet', 'steam:110000109a83943', '{}'),
	(217, 'user_bracelets', 'steam:110000109a83943', '{}'),
	(218, 'user_glasses', 'steam:110000109a83943', '{}'),
	(219, 'user_mask', 'steam:110000109a83943', '{}'),
	(220, 'property', 'steam:110000109a83943', '{}'),
	(221, 'user_ears', 'steam:110000109a83943', '{}'),
	(222, 'user_ears', 'steam:11000010bed4eaa', '{}'),
	(223, 'property', 'steam:11000010bed4eaa', '{}'),
	(224, 'user_mask', 'steam:11000010bed4eaa', '{}'),
	(225, 'user_helmet', 'steam:11000010bed4eaa', '{}'),
	(226, 'user_bracelets', 'steam:11000010bed4eaa', '{}'),
	(227, 'user_watches', 'steam:11000010bed4eaa', '{}'),
	(228, 'user_glasses', 'steam:11000010bed4eaa', '{}'),
	(229, 'property', 'steam:110000107100940', '{}'),
	(230, 'user_bracelets', 'steam:110000107100940', '{}'),
	(231, 'user_glasses', 'steam:110000107100940', '{}'),
	(232, 'user_watches', 'steam:110000107100940', '{}'),
	(233, 'user_mask', 'steam:110000107100940', '{}'),
	(234, 'user_helmet', 'steam:110000107100940', '{}'),
	(235, 'user_ears', 'steam:110000107100940', '{}'),
	(236, 'user_bracelets', 'steam:110000106229b86', '{}'),
	(237, 'user_helmet', 'steam:110000106229b86', '{}'),
	(238, 'user_ears', 'steam:110000106229b86', '{}'),
	(239, 'user_watches', 'steam:110000106229b86', '{}'),
	(240, 'user_mask', 'steam:110000106229b86', '{}'),
	(241, 'property', 'steam:110000106229b86', '{}'),
	(242, 'user_glasses', 'steam:110000106229b86', '{}'),
	(243, 'user_helmet', 'steam:110000103cf90e3', '{}'),
	(244, 'user_mask', 'steam:110000103cf90e3', '{}'),
	(245, 'user_glasses', 'steam:110000103cf90e3', '{}'),
	(246, 'user_watches', 'steam:110000103cf90e3', '{}'),
	(247, 'user_bracelets', 'steam:110000103cf90e3', '{}'),
	(248, 'property', 'steam:110000103cf90e3', '{}'),
	(249, 'user_ears', 'steam:110000103cf90e3', '{}'),
	(250, 'user_mask', 'steam:11000010003637e', '{}'),
	(251, 'property', 'steam:11000010003637e', '{}'),
	(252, 'user_ears', 'steam:11000010003637e', '{}'),
	(253, 'user_bracelets', 'steam:11000010003637e', '{}'),
	(254, 'user_watches', 'steam:11000010003637e', '{}'),
	(255, 'user_glasses', 'steam:11000010003637e', '{}'),
	(256, 'user_helmet', 'steam:11000010003637e', '{}'),
	(264, 'user_ears', 'steam:11000010b797c96', '{}'),
	(265, 'user_glasses', 'steam:11000010b797c96', '{}'),
	(266, 'user_bracelets', 'steam:11000010b797c96', '{}'),
	(267, 'user_watches', 'steam:11000010b797c96', '{}'),
	(268, 'user_helmet', 'steam:11000010b797c96', '{}'),
	(269, 'user_mask', 'steam:11000010b797c96', '{}'),
	(270, 'property', 'steam:11000010b797c96', '{}'),
	(271, 'user_glasses', 'steam:11000010bf0ba8a', '{}'),
	(272, 'user_ears', 'steam:11000010bf0ba8a', '{}'),
	(273, 'property', 'steam:11000010bf0ba8a', '{}'),
	(274, 'user_bracelets', 'steam:11000010bf0ba8a', '{}'),
	(275, 'user_watches', 'steam:11000010bf0ba8a', '{}'),
	(276, 'user_helmet', 'steam:11000010bf0ba8a', '{}'),
	(277, 'user_mask', 'steam:11000010bf0ba8a', '{}');
/*!40000 ALTER TABLE `datastore_data` ENABLE KEYS */;

-- Dumping structure for table essentialmode.drug_farms
CREATE TABLE IF NOT EXISTS `drug_farms` (
  `id` text COLLATE utf8mb4_bin,
  `type` text COLLATE utf8mb4_bin,
  `task` text COLLATE utf8mb4_bin,
  `tasksLeft` int(11) DEFAULT NULL,
  `delay` bigint(20) DEFAULT NULL
) ENGINE=InnoDB DEFAULT CHARSET=utf8mb4 COLLATE=utf8mb4_bin;

-- Dumping data for table essentialmode.drug_farms: ~1 rows (approximately)
/*!40000 ALTER TABLE `drug_farms` DISABLE KEYS */;
INSERT INTO `drug_farms` (`id`, `type`, `task`, `tasksLeft`, `delay`) VALUES
	('weed_1', 'weed', 'harvest', 1, 1551130562);
/*!40000 ALTER TABLE `drug_farms` ENABLE KEYS */;

-- Dumping structure for table essentialmode.favoriteanimation
CREATE TABLE IF NOT EXISTS `favoriteanimation` (
  `identifier` varchar(60) NOT NULL,
  `lib` varchar(255) DEFAULT 'mini@strip_club@idles@bouncer@base',
  `animation` varchar(255) DEFAULT 'base',
  `scenario` tinyint(1) NOT NULL DEFAULT '0',
  PRIMARY KEY (`identifier`)
) ENGINE=InnoDB DEFAULT CHARSET=latin1;

-- Dumping data for table essentialmode.favoriteanimation: ~62 rows (approximately)
/*!40000 ALTER TABLE `favoriteanimation` DISABLE KEYS */;
INSERT INTO `favoriteanimation` (`identifier`, `lib`, `animation`, `scenario`) VALUES
	('license:4d5983da7362c88e55a7d4d98fa8c6c300c613c0', 'mini@strip_club@idles@bouncer@base', 'base', 0),
	('license:567ad7f04cebf6ff87ce6c09a3c2f0837d47df40', 'mini@strip_club@idles@bouncer@base', 'base', 0),
	('license:57346043d4cbd8f572a8b2015ad75168aa9f2e38', 'mini@strip_club@idles@bouncer@base', 'base', 0),
	('license:8664a68b34582ed32de9e60f9db3fb314ee1ac0a', 'mini@strip_club@idles@bouncer@base', 'base', 0),
	('license:99d095a5e748b02d83b4893a51bc9d52382d5eb5', 'mini@strip_club@idles@bouncer@base', 'base', 0),
	('license:acf6baffe3473ba29e718e59570804fb0522d5e2', 'mini@strip_club@idles@bouncer@base', 'base', 0),
	('license:e0be07d430de172c53afb20f99f47334918b0bd3', 'mini@strip_club@idles@bouncer@base', 'base', 0),
	('license:f2a36991a9605737791286f2608f39d48af1aaf8', 'mini@strip_club@idles@bouncer@base', 'base', 0),
	('license:f6c6e70000f52c5bc0af488c087a5c0c5a83c6fd', 'mini@strip_club@idles@bouncer@base', 'base', 0),
	('steam:11000010003637e', 'mini@strip_club@idles@bouncer@base', 'base', 0),
	('steam:110000100f71108', 'mini@strip_club@idles@bouncer@base', 'base', 0),
	('steam:1100001014c0f32', 'mini@strip_club@idles@bouncer@base', 'base', 0),
	('steam:11000010380724e', 'mini@strip_club@idles@bouncer@base', 'base', 0),
	('steam:110000103b6bb22', 'mini@strip_club@idles@bouncer@base', 'base', 0),
	('steam:110000103cf90e3', 'mini@strip_club@idles@bouncer@base', 'base', 0),
	('steam:1100001053fa0b2', 'null', 'prop_human_bum_shopping_cart', 1),
	('steam:110000106190529', 'mini@strip_club@idles@bouncer@base', 'base', 0),
	('steam:110000106229b86', 'mini@strip_club@idles@bouncer@base', 'base', 0),
	('steam:110000107100940', 'mini@strip_club@idles@bouncer@base', 'base', 0),
	('steam:110000108c621f6', 'mini@strip_club@idles@bouncer@base', 'base', 0),
	('steam:110000109a83943', 'null', 'WORLD_HUMAN_SMOKING', 1),
	('steam:110000109f6f383', 'mini@strip_club@idles@bouncer@base', 'base', 0),
	('steam:11000010a2f0ca2', 'amb@world_human_cop_idles@male@base', 'base', 0),
	('steam:11000010a79f3aa', 'mini@strip_club@idles@bouncer@base', 'base', 0),
	('steam:11000010acee315', 'mini@strip_club@idles@bouncer@base', 'base', 0),
	('steam:11000010b797c96', 'null', 'WORLD_HUMAN_SUNBATHE', 1),
	('steam:11000010bed4eaa', 'mini@strip_club@idles@bouncer@base', 'base', 0),
	('steam:11000010bf0ba8a', 'mini@strip_club@idles@bouncer@base', 'base', 0),
	('steam:11000010c3d7d81', 'mini@strip_club@idles@bouncer@base', 'base', 0),
	('steam:11000010c6a226e', 'amb@world_human_cop_idles@male@base', 'base', 0),
	('steam:11000010c76f34c', 'mini@strip_club@idles@bouncer@base', 'base', 0),
	('steam:11000010cfda651', 'mini@strip_club@idles@bouncer@base', 'base', 0),
	('steam:11000010d84c1d1', 'mini@strip_club@idles@bouncer@base', 'base', 0),
	('steam:11000010da0ad17', 'amb@world_human_hang_out_street@female_arms_crossed@base', 'base', 0),
	('steam:11000010e17cc5d', 'mini@strip_club@idles@bouncer@base', 'base', 0),
	('steam:11000010e41b873', 'mini@strip_club@idles@bouncer@base', 'base', 0),
	('steam:11000010f2c4a51', 'amb@world_human_leaning@male@wall@back@legs_crossed@idle_a', 'idle_a', 0),
	('steam:11000010f673004', 'mini@strip_club@idles@bouncer@base', 'base', 0),
	('steam:1100001121385c4', 'amb@world_human_cop_idles@male@base', 'base', 0),
	('steam:110000112143cac', 'mini@strip_club@idles@bouncer@base', 'base', 0),
	('steam:1100001128f605c', 'mini@strip_club@idles@bouncer@base', 'base', 0),
	('steam:110000114093c56', 'mini@strip_club@idles@bouncer@base', 'base', 0),
	('steam:110000114898b97', 'mini@strip_club@idles@bouncer@base', 'base', 0),
	('steam:1100001154e1295', 'mini@strip_club@idles@bouncer@base', 'base', 0),
	('steam:11000011661859b', 'mini@strip_club@idles@bouncer@base', 'base', 0),
	('steam:1100001169feb5e', 'mini@strip_club@idles@bouncer@base', 'base', 0),
	('steam:110000116f9d5a5', 'mini@strip_club@idles@bouncer@base', 'base', 0),
	('steam:110000116fa1ad3', 'null', 'WORLD_HUMAN_SUNBATHE_BACK', 1),
	('steam:110000117a8d3e4', 'mini@strip_club@idles@bouncer@base', 'base', 0),
	('steam:110000117f2b3c9', 'mini@strip_club@idles@bouncer@base', 'base', 0),
	('steam:110000117f5a56e', 'mini@strip_club@idles@bouncer@base', 'base', 0),
	('steam:110000118327047', 'mini@strip_club@idles@bouncer@base', 'base', 0),
	('steam:1100001186575b4', 'mini@strip_club@idles@bouncer@base', 'base', 0),
	('steam:11000011a90b39c', 'mini@strip_club@idles@bouncer@base', 'base', 0),
	('steam:11000011b49bddc', 'mini@strip_club@idles@bouncer@base', 'base', 0),
	('steam:11000011b7fc75b', 'mini@strip_club@idles@bouncer@base', 'base', 0),
	('steam:11000011c99ccde', 'mini@strip_club@idles@bouncer@base', 'base', 0),
	('steam:11000013466bebc', 'amb@world_human_leaning@male@wall@back@legs_crossed@idle_a', 'idle_a', 0),
	('steam:110000134a88ca8', 'mini@strip_club@idles@bouncer@base', 'base', 0),
	('steam:110000135780b42', 'mini@strip_club@idles@bouncer@base', 'base', 0),
	('steam:11000013688aaec', 'mini@strip_club@idles@bouncer@base', 'base', 0),
	('steam:110000136e66411', 'mini@strip_club@idles@bouncer@base', 'base', 0);
/*!40000 ALTER TABLE `favoriteanimation` ENABLE KEYS */;

-- Dumping structure for table essentialmode.fine_types
CREATE TABLE IF NOT EXISTS `fine_types` (
  `id` int(11) NOT NULL AUTO_INCREMENT,
  `label` varchar(255) COLLATE utf8mb4_bin DEFAULT NULL,
  `amount` int(11) DEFAULT NULL,
  `category` int(11) DEFAULT NULL,
  PRIMARY KEY (`id`)
) ENGINE=InnoDB AUTO_INCREMENT=53 DEFAULT CHARSET=utf8mb4 COLLATE=utf8mb4_bin;

-- Dumping data for table essentialmode.fine_types: ~52 rows (approximately)
/*!40000 ALTER TABLE `fine_types` DISABLE KEYS */;
INSERT INTO `fine_types` (`id`, `label`, `amount`, `category`) VALUES
	(1, 'Missbrukande av tuta', 200, 0),
	(2, 'Korsar heldragen linje', 650, 0),
	(3, 'Kör på fel sida av vägen', 1250, 0),
	(4, 'Olaglig u-sväng', 300, 0),
	(5, 'Olaglig körning off-road', 450, 0),
	(6, 'Vägrar ett lagligt beslut', 1200, 0),
	(7, 'Olovligt stoppad av ett fordon', 2000, 0),
	(8, 'Olaglig parkering', 500, 0),
	(9, 'Underlåtenhet att avkasta till höger', 850, 0),
	(10, 'Kan inte bevisa fordons registering', 1500, 0),
	(11, 'Stannade inte vid STOP skylt', 1000, 0),
	(12, 'Kört mot rött ljus', 850, 0),
	(13, 'Olaglig omkörning', 450, 0),
	(14, 'Kör ett olagligt fordon', 650, 0),
	(15, 'Kör utan körkort', 1250, 0),
	(16, 'Skapat en olycka och smitit', 2000, 0),
	(17, 'Fortkörning, Över > 5 mph', 400, 0),
	(18, 'Fortkörning, Över > 5-15 mph', 600, 0),
	(19, 'Fortkörning, Över > 15-30 mph', 750, 0),
	(20, 'Fortkörning, Över > 30 mph', 1000, 0),
	(21, 'Förhindrar trafikflödet', 650, 1),
	(22, 'Berusad på offentlig plats', 250, 1),
	(23, 'Oordning', 1000, 1),
	(24, 'Obstruktion av rättvisa', 1500, 1),
	(25, 'Förolämpningar mot civila', 1500, 1),
	(26, 'Förolämpningar mot tjänsteperson', 2000, 1),
	(27, 'Verbalt hot mot en medborgare', 1500, 1),
	(28, 'Verbalt hot mot en tjänsteperson', 2500, 1),
	(29, 'Tillhandahåller falsk information', 3500, 1),
	(30, 'Försök mot korruption', 1500, 1),
	(31, 'Bär ett vapen i stadens gränser', 3000, 2),
	(32, 'Bär ett dödligt vapen i stadens gränser', 4500, 2),
	(33, 'Ingen skjutvapen licens', 2000, 2),
	(34, 'Besittning av ett olagligt vapen', 3500, 2),
	(35, 'Innehav av Inbrottsverktyg', 2500, 2),
	(36, 'Stöld av fordon', 1250, 2),
	(37, 'Avsikten att sälja / använda av ett olagligt ämne', 1000, 2),
	(38, 'Tillverkning av ett olagligt ämne', 2000, 2),
	(39, 'Besittning av ett olagligt ämne', 1500, 2),
	(40, 'Kidnappning av en civil', 5000, 2),
	(41, 'Kidnappning av en tjänsteperson', 7500, 2),
	(42, 'Rån', 10000, 2),
	(43, 'Väpnat rån mot butik', 10000, 2),
	(44, 'Väpnat rån mot bank', 13000, 2),
	(45, 'Anfall på en medborgare', 8500, 3),
	(46, 'Anfall på en tjänsteperson', 10000, 3),
	(47, 'Försök till mord på en medborgare', 7500, 3),
	(48, 'Försök till mord på en tjänsteperson', 12000, 3),
	(49, 'Mord på en medborgare', 10000, 3),
	(50, 'Mord på en tjänsteperson', 15000, 3),
	(51, 'Otillbörligt dödsfall', 7500, 3),
	(52, 'Bedrägeri', 1350, 2);
/*!40000 ALTER TABLE `fine_types` ENABLE KEYS */;

-- Dumping structure for table essentialmode.fishes
CREATE TABLE IF NOT EXISTS `fishes` (
  `id` int(11) NOT NULL AUTO_INCREMENT,
  `owner_identifier` varchar(50) NOT NULL,
  `owner_name` varchar(50) NOT NULL,
  `weight` float NOT NULL,
  `name` varchar(50) NOT NULL,
  `sex` varchar(50) NOT NULL,
  `hooked_date` datetime NOT NULL DEFAULT CURRENT_TIMESTAMP,
  PRIMARY KEY (`id`)
) ENGINE=InnoDB AUTO_INCREMENT=19 DEFAULT CHARSET=latin1;

-- Dumping data for table essentialmode.fishes: ~18 rows (approximately)
/*!40000 ALTER TABLE `fishes` DISABLE KEYS */;
INSERT INTO `fishes` (`id`, `owner_identifier`, `owner_name`, `weight`, `name`, `sex`, `hooked_date`) VALUES
	(1, 'steam:11000011b7fc75b', 'Andreas Karlsson', 5885, 'Salmon', 'Male', '2019-02-23 05:47:52'),
	(2, 'steam:11000011b7fc75b', 'Andreas Karlsson', 2169, 'Salmon', 'Male', '2019-02-23 05:48:50'),
	(3, 'steam:11000011b7fc75b', 'Andreas Karlsson', 1227, 'Salmon', 'Female', '2019-02-23 05:50:12'),
	(4, 'steam:11000011b7fc75b', 'Andreas Karlsson', 3165, 'Salmon', 'Female', '2019-02-23 05:50:45'),
	(5, 'steam:11000011b7fc75b', 'Andreas Karlsson', 414, 'Bass', 'Female', '2019-02-23 05:51:27'),
	(6, 'steam:1100001053fa0b2', 'Leifi Plomeros', 326, 'Bass', 'Male', '2019-02-23 11:54:36'),
	(7, 'steam:1100001053fa0b2', 'Leifi Plomeros', 531, 'Salmon', 'Male', '2019-02-23 11:55:07'),
	(8, 'steam:1100001053fa0b2', 'Leifi Plomeros', 623, 'Pike', 'Male', '2019-02-23 11:55:33'),
	(9, 'steam:1100001053fa0b2', 'Leifi Plomeros', 2596, 'Salmon', 'Female', '2019-02-23 11:56:05'),
	(10, 'steam:1100001053fa0b2', 'Leifi Plomeros', 2037, 'Pike', 'Male', '2019-02-23 11:57:57'),
	(11, 'steam:1100001053fa0b2', 'Leifi Plomeros', 2661, 'Salmon', 'Female', '2019-02-23 11:58:28'),
	(12, 'steam:1100001053fa0b2', 'Leifi Plomeros', 3571, 'Salmon', 'Male', '2019-02-23 11:59:48'),
	(13, 'steam:1100001053fa0b2', 'Leifi Plomeros', 4454, 'Pike', 'Male', '2019-02-23 12:00:59'),
	(14, 'steam:1100001053fa0b2', 'Leifi Plomeros', 5853, 'Salmon', 'Female', '2019-02-23 12:02:41'),
	(15, 'steam:1100001053fa0b2', 'Leifi Plomeros', 257, 'Bass', 'Female', '2019-02-23 12:04:24'),
	(16, 'steam:1100001053fa0b2', 'Leifi Plomeros', 3898, 'Pike', 'Female', '2019-02-23 12:05:00'),
	(17, 'steam:1100001053fa0b2', 'Leifi Plomeros', 2561, 'Pike', 'Male', '2019-02-23 12:05:18'),
	(18, 'steam:1100001053fa0b2', 'Leifi Plomeros', 296, 'Bass', 'Female', '2019-02-23 12:06:05');
/*!40000 ALTER TABLE `fishes` ENABLE KEYS */;

-- Dumping structure for table essentialmode.items
CREATE TABLE IF NOT EXISTS `items` (
  `name` varchar(50) NOT NULL,
  `label` varchar(255) NOT NULL,
  `limit` int(11) NOT NULL DEFAULT '-1',
  `rare` int(11) NOT NULL DEFAULT '0',
  `can_remove` int(11) NOT NULL DEFAULT '1',
  PRIMARY KEY (`name`)
) ENGINE=InnoDB DEFAULT CHARSET=latin1;

-- Dumping data for table essentialmode.items: ~73 rows (approximately)
/*!40000 ALTER TABLE `items` DISABLE KEYS */;
INSERT INTO `items` (`name`, `label`, `limit`, `rare`, `can_remove`) VALUES
	('aluminium', 'Aluminium', -1, 0, 1),
	('anti', 'Antibiotika', 5, 0, 1),
	('apple', 'Äpple', -1, 0, 1),
	('applemos', 'Äppelmos', -1, 0, 1),
	('bandage', 'Bandage', 25, 0, 1),
	('bankkey', 'Bankfacksnyckel', -1, 0, 1),
	('Bass', 'Aborre', 20, 0, 1),
	('batteri', 'Batteri(er)', -1, 0, 1),
	('Big Bass', 'Stor Aborre', 10, 0, 1),
	('Big Pike', 'Stor Gädda', 5, 0, 1),
	('Big Salmon', 'Stor Lax', 5, 0, 1),
	('blindfold', 'Ögonbindel', -1, 0, 1),
	('blowpipe', 'Kapningsverktyg (BIL)', 15, 0, 1),
	('bread', 'Bröd', -1, 0, 1),
	('bulletproof', 'Skottsäker vest', 1, 0, 1),
	('buntband', 'Buntband', -1, 0, 1),
	('cigarett', 'Cigaretter ', -1, 0, 1),
	('coke', 'Kokain', 50, 0, 1),
	('coke_ingredients', 'Koks Ingredienser', 1, 0, 1),
	('coke_pooch', 'Påse med kokain', 10, 0, 1),
	('cola', 'Coca Cola', -1, 0, 1),
	('donut', 'Munk', 6, 0, 1),
	('drill', 'Borr', 1, 0, 1),
	('encrypted_simcard', 'Krypterat simkort', -1, 0, 1),
	('Fishing Lure', 'Fiskebete', -1, 0, 1),
	('Fishing Rod', 'Fiskespö', 1, 0, 1),
	('fixkit', 'Reparationskit', 10, 0, 1),
	('grillad', 'Grillad Korv', -1, 0, 1),
	('gym_membership', 'Gymkort', -1, 0, 1),
	('hamburgare', 'Hamburgare', -1, 0, 1),
	('kaffe', 'Kaffe', -1, 0, 1),
	('klubba', 'Kycklingklubba', -1, 0, 1),
	('korv', 'Varmkorv', -1, 0, 1),
	('leather', 'Leather', -1, 0, 1),
	('lighter', 'Tändare', -1, 0, 1),
	('meat', 'Meat', -1, 0, 1),
	('medikit', 'Första Hjälpen Kit', 10, 0, 1),
	('metall', 'Metall', -1, 0, 1),
	('meth', 'Metamfetamin', 50, 0, 1),
	('meth_ingredients', 'Meth Ingredienserr', 1, 0, 1),
	('meth_pooch', 'Påse med metamfetamin', 10, 0, 1),
	('munk', 'Sockermunk', -1, 0, 1),
	('ogrillad', 'Ogrillad Korv', -1, 0, 1),
	('opium', 'Opium', 50, 0, 1),
	('opium_pooch', 'Påse med opium', 10, 0, 1),
	('oxygen_mask', 'Dykmask', 2, 0, 1),
	('phone', 'iPhone 8', -1, 0, 1),
	('phoneoff', 'Telefon (AVSTÄNGD)', -1, 0, 1),
	('picnic', 'Picknick kit', 1, 0, 1),
	('Pike', 'Gädda', 10, 0, 1),
	('plast', 'Plast', -1, 0, 1),
	('policecard', 'Passerkort', 1, 0, 1),
	('potatis', 'Ugnsstekt Potatis', -1, 0, 1),
	('powerade', 'Powerade', -1, 0, 1),
	('protein_shake', 'Protein Shake', -1, 0, 1),
	('redgull', 'Redgull', 4, 0, 1),
	('rose', 'Röd ros', 1, 0, 1),
	('Salmon', 'Lax', 10, 0, 1),
	('sandwich', 'Macka', 5, 0, 1),
	('skinn', 'Skinn', -1, 0, 1),
	('skruvar', 'Skruvar', -1, 0, 1),
	('Small Bass', 'Liten Aborre', 40, 0, 1),
	('Small Pike', 'Liten Gädda', 20, 0, 1),
	('Small Salmon', 'Liten Lax', 20, 0, 1),
	('sportlunch', 'Sportlunch', -1, 0, 1),
	('sprite', 'Päron Läsk', -1, 0, 1),
	('steak', 'Oxfilé', -1, 0, 1),
	('umbrella', 'Paraply', 2, 0, 1),
	('water', 'Vatten', -1, 0, 1),
	('weed', 'Weed', 50, 0, 1),
	('weed_pooch', 'Påse med weed', 10, 0, 1),
	('weed_seed', 'Weed frö', 1, 0, 1),
	('wood', 'Trä', -1, 0, 1);
/*!40000 ALTER TABLE `items` ENABLE KEYS */;

-- Dumping structure for table essentialmode.jobs
CREATE TABLE IF NOT EXISTS `jobs` (
  `name` varchar(50) NOT NULL,
  `label` varchar(255) DEFAULT NULL,
  `whitelisted` tinyint(1) NOT NULL DEFAULT '0',
  PRIMARY KEY (`name`)
) ENGINE=InnoDB DEFAULT CHARSET=latin1;

-- Dumping data for table essentialmode.jobs: ~12 rows (approximately)
/*!40000 ALTER TABLE `jobs` DISABLE KEYS */;
INSERT INTO `jobs` (`name`, `label`, `whitelisted`) VALUES
	('ambulance', 'Ambulans', 1),
	('bennys', 'Bennys', 1),
	('cardealer', 'Bilförsäljare', 1),
	('farmen', 'Farmen', 1),
	('lumberjack', 'Skogshuggare', 0),
	('mecano', 'Assistancekåren', 1),
	('miner', 'Gruvarbetare', 0),
	('police', 'Polis', 1),
	('realestateagent', 'Mäklare', 1),
	('slaughterer', 'Slaktare', 0),
	('taxi', 'Taxi', 1),
	('unemployed', 'Arbetslös', 0);
/*!40000 ALTER TABLE `jobs` ENABLE KEYS */;

-- Dumping structure for table essentialmode.job_grades
CREATE TABLE IF NOT EXISTS `job_grades` (
  `id` int(11) NOT NULL AUTO_INCREMENT,
  `job_name` varchar(255) DEFAULT NULL,
  `grade` int(11) NOT NULL,
  `name` varchar(255) NOT NULL,
  `label` varchar(255) NOT NULL,
  `salary` int(11) NOT NULL,
  `skin_male` longtext NOT NULL,
  `skin_female` longtext NOT NULL,
  PRIMARY KEY (`id`)
) ENGINE=InnoDB AUTO_INCREMENT=44 DEFAULT CHARSET=latin1;

-- Dumping data for table essentialmode.job_grades: ~39 rows (approximately)
/*!40000 ALTER TABLE `job_grades` DISABLE KEYS */;
INSERT INTO `job_grades` (`id`, `job_name`, `grade`, `name`, `label`, `salary`, `skin_male`, `skin_female`) VALUES
	(1, 'unemployed', 0, 'unemployed', 'A-Kassa', 15, '{}', '{}'),
	(2, 'police', 0, 'recruit', 'Aspirant', 70, '{}', '{}'),
	(3, 'police', 1, 'officer', 'Assistent', 80, '{}', '{}'),
	(4, 'police', 2, 'sergeant', 'Inspektör', 100, '{}', '{}'),
	(5, 'police', 3, 'lieutenant', 'Kommissarie', 120, '{}', '{}'),
	(6, 'police', 4, 'boss', 'Befäl', 150, '{}', '{}'),
	(7, 'ambulance', 0, 'ambulance', 'Anställd', 80, '{"pants_2":1,"shoes_1":24,"tshirt_1":129,"tshirt_2":0,"shoes_2":0,"pants_1":46,"torso_1":94,"arms":30,"mask_2":0,"chain_1":126,"torso_2":2,"mask_1":121,"chain_2":0}', '{"pants_2":0,"shoes_1":24,"tshirt_1":159,"tshirt_2":0,"shoes_2":0,"pants_1":48,"torso_1":85,"arms":31,"arms_2":0,"mask_2":0,"chain_1":96,"torso_2":2, "mask_1":121}'),
	(8, 'ambulance', 1, 'doctor', 'Läkare', 100, '{"pants_2":1,"shoes_1":24,"tshirt_1":129,"tshirt_2":0,"shoes_2":0,"pants_1":46,"torso_1":94,"arms":30,"mask_2":0,"chain_1":126,"torso_2":2,"mask_1":121,"chain_2":0}', '{"pants_2":0,"shoes_1":24,"tshirt_1":159,"tshirt_2":0,"shoes_2":0,"pants_1":48,"torso_1":85,"arms":31,"arms_2":0,"mask_2":0,"chain_1":96,"torso_2":2, "mask_1":121}'),
	(9, 'ambulance', 2, 'chief_doctor', 'Överläkare', 120, '{"pants_2":1,"shoes_1":24,"tshirt_1":129,"tshirt_2":0,"shoes_2":0,"pants_1":46,"torso_1":94,"arms":30,"mask_2":0,"chain_1":126,"torso_2":2,"mask_1":121,"chain_2":0}', '{"pants_2":0,"shoes_1":24,"tshirt_1":159,"tshirt_2":0,"shoes_2":0,"pants_1":48,"torso_1":85,"arms":31,"arms_2":0,"mask_2":0,"chain_1":96,"torso_2":2, "mask_1":121}'),
	(10, 'ambulance', 3, 'boss', 'Chef', 150, '{"pants_2":1,"shoes_1":24,"tshirt_1":129,"tshirt_2":0,"shoes_2":0,"pants_1":46,"torso_1":94,"arms":30,"mask_2":0,"chain_1":126,"torso_2":2,"mask_1":121,"chain_2":0}', '{"pants_2":0,"shoes_1":24,"tshirt_1":159,"tshirt_2":0,"shoes_2":0,"pants_1":48,"torso_1":85,"arms":31,"arms_2":0,"mask_2":0,"chain_1":96,"torso_2":2, "mask_1":121}'),
	(11, 'cardealer', 0, 'recruit', 'Provanställd', 85, '{}', '{}'),
	(12, 'cardealer', 1, 'novice', 'Anställd', 90, '{}', '{}'),
	(13, 'cardealer', 2, 'experienced', 'Erfaren', 110, '{}', '{}'),
	(14, 'cardealer', 3, 'boss', 'Chef', 150, '{}', '{}'),
	(15, 'realestateagent', 0, 'location', 'Provanställd', 85, '{}', '{}'),
	(16, 'realestateagent', 1, 'vendeur', 'Anställd', 90, '{}', '{}'),
	(17, 'realestateagent', 2, 'gestion', 'Erfaren', 110, '{}', '{}'),
	(18, 'realestateagent', 3, 'boss', 'Chef', 150, '{}', '{}'),
	(19, 'mecano', 0, 'recrue', 'Provanställd', 70, '{"tshirt_2":0,"glasses":0,"glasses_1":16,"bproof_1":14,"pants_1":98, "tshirt_1":129,"shoes_2":6,"helmet_1":0,"helmet_2":5,"pants_2":6,"shoes_1":12,"glasses_2":0,"bproof_2":0,"torso_2":3,"torso_1":147,"arms":16}', '{"tshirt_2":0,"glasses_2":0,"glasses_1":0,"bproof_1":0,"pants_1":101,"tshirt_1":159,"torso_1":144,"pants_2":6,"helmet_1":0,"helmet_2":7,"bproof_2":0,"shoes_1":24, "arms":111,"shoes_2":0,"torso_2":3}'),
	(20, 'mecano', 1, 'novice', 'Anställd', 40, '{"tshirt_2":0,"glasses":0,"glasses_1":16,"bproof_1":14,"pants_1":98, "tshirt_1":129,"shoes_2":6,"helmet_1":0,"helmet_2":5,"pants_2":6,"shoes_1":12,"glasses_2":0,"bproof_2":0,"torso_2":3,"torso_1":147,"arms":16}', '{"tshirt_2":0,"glasses_2":0,"glasses_1":0,"bproof_1":0,"pants_1":101,"tshirt_1":159,"torso_1":144,"pants_2":6,"helmet_1":0,"helmet_2":7,"bproof_2":0,"shoes_1":24, "arms":111,"shoes_2":0,"torso_2":3}'),
	(21, 'mecano', 2, 'experimente', 'Erfaren', 70, '{"tshirt_2":0,"glasses":0,"glasses_1":16,"bproof_1":14,"pants_1":98, "tshirt_1":129,"shoes_2":6,"helmet_1":0,"helmet_2":5,"pants_2":6,"shoes_1":12,"glasses_2":0,"bproof_2":0,"torso_2":3,"torso_1":147,"arms":16}', '{"tshirt_2":0,"glasses_2":0,"glasses_1":0,"bproof_1":0,"pants_1":101,"tshirt_1":159,"torso_1":144,"pants_2":6,"helmet_1":0,"helmet_2":7,"bproof_2":0,"shoes_1":24, "arms":111,"shoes_2":0,"torso_2":3}'),
	(22, 'mecano', 3, 'chief', 'Expert', 85, '{"tshirt_2":0,"glasses":0,"glasses_1":16,"bproof_1":14,"pants_1":98, "tshirt_1":129,"shoes_2":6,"helmet_1":0,"helmet_2":5,"pants_2":6,"shoes_1":12,"glasses_2":0,"bproof_2":0,"torso_2":3,"torso_1":147,"arms":16}', '{"tshirt_2":0,"glasses_2":0,"glasses_1":0,"bproof_1":0,"pants_1":101,"tshirt_1":159,"torso_1":144,"pants_2":6,"helmet_1":0,"helmet_2":7,"bproof_2":0,"shoes_1":24, "arms":111,"shoes_2":0,"torso_2":3}'),
	(23, 'mecano', 4, 'boss', 'Chef', 90, '{"tshirt_2":0,"glasses":0,"glasses_1":16,"bproof_1":14,"pants_1":98, "tshirt_1":129,"shoes_2":6,"helmet_1":0,"helmet_2":5,"pants_2":6,"shoes_1":12,"glasses_2":0,"bproof_2":0,"torso_2":3,"torso_1":147,"arms":16}', '{"tshirt_2":0,"glasses_2":0,"glasses_1":0,"bproof_1":0,"pants_1":101,"tshirt_1":159,"torso_1":144,"pants_2":6,"helmet_1":0,"helmet_2":7,"bproof_2":0,"shoes_1":24, "arms":111,"shoes_2":0,"torso_2":3}'),
	(28, 'farmen', 0, 'recruit', 'Provanställd', 65, '{}', '{}'),
	(29, 'farmen', 1, 'sergeant', 'Anställd', 70, '{}', '{}'),
	(30, 'farmen', 2, 'lieutenant', 'Erfaren', 75, '{}', '{}'),
	(31, 'farmen', 3, 'boss', 'Chef', 100, '{}', '{}'),
	(32, 'bennys', 0, 'recrue', 'Provanställd', 75, '{}', '{}'),
	(33, 'bennys', 1, 'novice', 'Anställd', 100, '{}', '{}'),
	(34, 'bennys', 2, 'experimente', 'Erfaren', 115, '{}', '{}'),
	(35, 'bennys', 3, 'boss', 'Chef', 130, '{}', '{}'),
	(36, 'lumberjack', 0, 'employee', 'Anställd', 35, '{}', '{}'),
	(37, 'miner', 0, 'employee', 'Anställd', 35, '{"tshirt_2":1,"ears_1":8,"glasses_1":15,"torso_2":0,"ears_2":2,"glasses_2":3,"shoes_2":1,"pants_1":75,"shoes_1":51,"bags_1":0,"helmet_2":0,"pants_2":7,"torso_1":71,"tshirt_1":59,"arms":2,"bags_2":0,"helmet_1":0}', '{}'),
	(38, 'slaughterer', 0, 'employee', 'Anställd', 35, '{"age_1":0,"glasses_2":0,"beard_1":5,"decals_2":0,"beard_4":0,"shoes_2":0,"tshirt_2":0,"lipstick_2":0,"hair_2":0,"arms":67,"pants_1":36,"skin":29,"eyebrows_2":0,"shoes":10,"helmet_1":-1,"lipstick_1":0,"helmet_2":0,"hair_color_1":0,"glasses":0,"makeup_4":0,"makeup_1":0,"hair_1":2,"bproof_1":0,"bags_1":0,"mask_1":0,"lipstick_3":0,"chain_1":0,"eyebrows_4":0,"sex":0,"torso_1":56,"beard_2":6,"shoes_1":12,"decals_1":0,"face":19,"lipstick_4":0,"tshirt_1":15,"mask_2":0,"age_2":0,"eyebrows_3":0,"chain_2":0,"glasses_1":0,"ears_1":-1,"bags_2":0,"ears_2":0,"torso_2":0,"bproof_2":0,"makeup_2":0,"eyebrows_1":0,"makeup_3":0,"pants_2":0,"beard_3":0,"hair_color_2":4}', '{"age_1":0,"glasses_2":0,"beard_1":5,"decals_2":0,"beard_4":0,"shoes_2":0,"tshirt_2":0,"lipstick_2":0,"hair_2":0,"arms":72,"pants_1":45,"skin":29,"eyebrows_2":0,"shoes":10,"helmet_1":-1,"lipstick_1":0,"helmet_2":0,"hair_color_1":0,"glasses":0,"makeup_4":0,"makeup_1":0,"hair_1":2,"bproof_1":0,"bags_1":0,"mask_1":0,"lipstick_3":0,"chain_1":0,"eyebrows_4":0,"sex":1,"torso_1":49,"beard_2":6,"shoes_1":24,"decals_1":0,"face":19,"lipstick_4":0,"tshirt_1":9,"mask_2":0,"age_2":0,"eyebrows_3":0,"chain_2":0,"glasses_1":5,"ears_1":-1,"bags_2":0,"ears_2":0,"torso_2":0,"bproof_2":0,"makeup_2":0,"eyebrows_1":0,"makeup_3":0,"pants_2":0,"beard_3":0,"hair_color_2":4}'),
	(39, 'taxi', 0, 'recrue', 'Nyrekryterad', 60, '{"hair_2":0,"hair_color_2":0,"torso_1":32,"bags_1":0,"helmet_2":0,"chain_2":0,"eyebrows_3":0,"makeup_3":0,"makeup_2":0,"tshirt_1":31,"makeup_1":0,"bags_2":0,"makeup_4":0,"eyebrows_4":0,"chain_1":0,"lipstick_4":0,"bproof_2":0,"hair_color_1":0,"decals_2":0,"pants_2":0,"age_2":0,"glasses_2":0,"ears_2":0,"arms":27,"lipstick_1":0,"ears_1":-1,"mask_2":0,"sex":0,"lipstick_3":0,"helmet_1":-1,"shoes_2":0,"beard_2":0,"beard_1":0,"lipstick_2":0,"beard_4":0,"glasses_1":0,"bproof_1":0,"mask_1":0,"decals_1":1,"hair_1":0,"eyebrows_2":0,"beard_3":0,"age_1":0,"tshirt_2":0,"skin":0,"torso_2":0,"eyebrows_1":0,"face":0,"shoes_1":10,"pants_1":24}', '{"hair_2":0,"hair_color_2":0,"torso_1":57,"bags_1":0,"helmet_2":0,"chain_2":0,"eyebrows_3":0,"makeup_3":0,"makeup_2":0,"tshirt_1":38,"makeup_1":0,"bags_2":0,"makeup_4":0,"eyebrows_4":0,"chain_1":0,"lipstick_4":0,"bproof_2":0,"hair_color_1":0,"decals_2":0,"pants_2":1,"age_2":0,"glasses_2":0,"ears_2":0,"arms":21,"lipstick_1":0,"ears_1":-1,"mask_2":0,"sex":1,"lipstick_3":0,"helmet_1":-1,"shoes_2":0,"beard_2":0,"beard_1":0,"lipstick_2":0,"beard_4":0,"glasses_1":5,"bproof_1":0,"mask_1":0,"decals_1":1,"hair_1":0,"eyebrows_2":0,"beard_3":0,"age_1":0,"tshirt_2":0,"skin":0,"torso_2":0,"eyebrows_1":0,"face":0,"shoes_1":49,"pants_1":11}'),
	(40, 'taxi', 1, 'novice', 'Skicklig förare', 80, '{"hair_2":0,"hair_color_2":0,"torso_1":32,"bags_1":0,"helmet_2":0,"chain_2":0,"eyebrows_3":0,"makeup_3":0,"makeup_2":0,"tshirt_1":31,"makeup_1":0,"bags_2":0,"makeup_4":0,"eyebrows_4":0,"chain_1":0,"lipstick_4":0,"bproof_2":0,"hair_color_1":0,"decals_2":0,"pants_2":0,"age_2":0,"glasses_2":0,"ears_2":0,"arms":27,"lipstick_1":0,"ears_1":-1,"mask_2":0,"sex":0,"lipstick_3":0,"helmet_1":-1,"shoes_2":0,"beard_2":0,"beard_1":0,"lipstick_2":0,"beard_4":0,"glasses_1":0,"bproof_1":0,"mask_1":0,"decals_1":1,"hair_1":0,"eyebrows_2":0,"beard_3":0,"age_1":0,"tshirt_2":0,"skin":0,"torso_2":0,"eyebrows_1":0,"face":0,"shoes_1":10,"pants_1":24}', '{"hair_2":0,"hair_color_2":0,"torso_1":57,"bags_1":0,"helmet_2":0,"chain_2":0,"eyebrows_3":0,"makeup_3":0,"makeup_2":0,"tshirt_1":38,"makeup_1":0,"bags_2":0,"makeup_4":0,"eyebrows_4":0,"chain_1":0,"lipstick_4":0,"bproof_2":0,"hair_color_1":0,"decals_2":0,"pants_2":1,"age_2":0,"glasses_2":0,"ears_2":0,"arms":21,"lipstick_1":0,"ears_1":-1,"mask_2":0,"sex":1,"lipstick_3":0,"helmet_1":-1,"shoes_2":0,"beard_2":0,"beard_1":0,"lipstick_2":0,"beard_4":0,"glasses_1":5,"bproof_1":0,"mask_1":0,"decals_1":1,"hair_1":0,"eyebrows_2":0,"beard_3":0,"age_1":0,"tshirt_2":0,"skin":0,"torso_2":0,"eyebrows_1":0,"face":0,"shoes_1":49,"pants_1":11}'),
	(41, 'taxi', 2, 'experimente', 'Erfaren förare', 100, '{"hair_2":0,"hair_color_2":0,"torso_1":26,"bags_1":0,"helmet_2":0,"chain_2":0,"eyebrows_3":0,"makeup_3":0,"makeup_2":0,"tshirt_1":57,"makeup_1":0,"bags_2":0,"makeup_4":0,"eyebrows_4":0,"chain_1":0,"lipstick_4":0,"bproof_2":0,"hair_color_1":0,"decals_2":0,"pants_2":4,"age_2":0,"glasses_2":0,"ears_2":0,"arms":11,"lipstick_1":0,"ears_1":-1,"mask_2":0,"sex":0,"lipstick_3":0,"helmet_1":-1,"shoes_2":0,"beard_2":0,"beard_1":0,"lipstick_2":0,"beard_4":0,"glasses_1":0,"bproof_1":0,"mask_1":0,"decals_1":0,"hair_1":0,"eyebrows_2":0,"beard_3":0,"age_1":0,"tshirt_2":0,"skin":0,"torso_2":0,"eyebrows_1":0,"face":0,"shoes_1":10,"pants_1":24}', '{"hair_2":0,"hair_color_2":0,"torso_1":57,"bags_1":0,"helmet_2":0,"chain_2":0,"eyebrows_3":0,"makeup_3":0,"makeup_2":0,"tshirt_1":38,"makeup_1":0,"bags_2":0,"makeup_4":0,"eyebrows_4":0,"chain_1":0,"lipstick_4":0,"bproof_2":0,"hair_color_1":0,"decals_2":0,"pants_2":1,"age_2":0,"glasses_2":0,"ears_2":0,"arms":21,"lipstick_1":0,"ears_1":-1,"mask_2":0,"sex":1,"lipstick_3":0,"helmet_1":-1,"shoes_2":0,"beard_2":0,"beard_1":0,"lipstick_2":0,"beard_4":0,"glasses_1":5,"bproof_1":0,"mask_1":0,"decals_1":1,"hair_1":0,"eyebrows_2":0,"beard_3":0,"age_1":0,"tshirt_2":0,"skin":0,"torso_2":0,"eyebrows_1":0,"face":0,"shoes_1":49,"pants_1":11}'),
	(42, 'taxi', 3, 'uber', 'Professionell förare', 120, '{"hair_2":0,"hair_color_2":0,"torso_1":26,"bags_1":0,"helmet_2":0,"chain_2":0,"eyebrows_3":0,"makeup_3":0,"makeup_2":0,"tshirt_1":57,"makeup_1":0,"bags_2":0,"makeup_4":0,"eyebrows_4":0,"chain_1":0,"lipstick_4":0,"bproof_2":0,"hair_color_1":0,"decals_2":0,"pants_2":4,"age_2":0,"glasses_2":0,"ears_2":0,"arms":11,"lipstick_1":0,"ears_1":-1,"mask_2":0,"sex":0,"lipstick_3":0,"helmet_1":-1,"shoes_2":0,"beard_2":0,"beard_1":0,"lipstick_2":0,"beard_4":0,"glasses_1":0,"bproof_1":0,"mask_1":0,"decals_1":0,"hair_1":0,"eyebrows_2":0,"beard_3":0,"age_1":0,"tshirt_2":0,"skin":0,"torso_2":0,"eyebrows_1":0,"face":0,"shoes_1":10,"pants_1":24}', '{"hair_2":0,"hair_color_2":0,"torso_1":57,"bags_1":0,"helmet_2":0,"chain_2":0,"eyebrows_3":0,"makeup_3":0,"makeup_2":0,"tshirt_1":38,"makeup_1":0,"bags_2":0,"makeup_4":0,"eyebrows_4":0,"chain_1":0,"lipstick_4":0,"bproof_2":0,"hair_color_1":0,"decals_2":0,"pants_2":1,"age_2":0,"glasses_2":0,"ears_2":0,"arms":21,"lipstick_1":0,"ears_1":-1,"mask_2":0,"sex":1,"lipstick_3":0,"helmet_1":-1,"shoes_2":0,"beard_2":0,"beard_1":0,"lipstick_2":0,"beard_4":0,"glasses_1":5,"bproof_1":0,"mask_1":0,"decals_1":1,"hair_1":0,"eyebrows_2":0,"beard_3":0,"age_1":0,"tshirt_2":0,"skin":0,"torso_2":0,"eyebrows_1":0,"face":0,"shoes_1":49,"pants_1":11}'),
	(43, 'taxi', 4, 'boss', 'Företagsägare', 130, '{"hair_2":0,"hair_color_2":0,"torso_1":29,"bags_1":0,"helmet_2":0,"chain_2":0,"eyebrows_3":0,"makeup_3":0,"makeup_2":0,"tshirt_1":31,"makeup_1":0,"bags_2":0,"makeup_4":0,"eyebrows_4":0,"chain_1":0,"lipstick_4":0,"bproof_2":0,"hair_color_1":0,"decals_2":0,"pants_2":4,"age_2":0,"glasses_2":0,"ears_2":0,"arms":1,"lipstick_1":0,"ears_1":-1,"mask_2":0,"sex":0,"lipstick_3":0,"helmet_1":-1,"shoes_2":0,"beard_2":0,"beard_1":0,"lipstick_2":0,"beard_4":0,"glasses_1":0,"bproof_1":0,"mask_1":0,"decals_1":0,"hair_1":0,"eyebrows_2":0,"beard_3":0,"age_1":0,"tshirt_2":0,"skin":0,"torso_2":4,"eyebrows_1":0,"face":0,"shoes_1":10,"pants_1":24}', '{"hair_2":0,"hair_color_2":0,"torso_1":57,"bags_1":0,"helmet_2":0,"chain_2":0,"eyebrows_3":0,"makeup_3":0,"makeup_2":0,"tshirt_1":38,"makeup_1":0,"bags_2":0,"makeup_4":0,"eyebrows_4":0,"chain_1":0,"lipstick_4":0,"bproof_2":0,"hair_color_1":0,"decals_2":0,"pants_2":1,"age_2":0,"glasses_2":0,"ears_2":0,"arms":21,"lipstick_1":0,"ears_1":-1,"mask_2":0,"sex":1,"lipstick_3":0,"helmet_1":-1,"shoes_2":0,"beard_2":0,"beard_1":0,"lipstick_2":0,"beard_4":0,"glasses_1":5,"bproof_1":0,"mask_1":0,"decals_1":1,"hair_1":0,"eyebrows_2":0,"beard_3":0,"age_1":0,"tshirt_2":0,"skin":0,"torso_2":0,"eyebrows_1":0,"face":0,"shoes_1":49,"pants_1":11}');
/*!40000 ALTER TABLE `job_grades` ENABLE KEYS */;

-- Dumping structure for table essentialmode.licenses
CREATE TABLE IF NOT EXISTS `licenses` (
  `id` int(11) NOT NULL AUTO_INCREMENT,
  `type` varchar(255) COLLATE utf8mb4_bin NOT NULL,
  `label` varchar(255) COLLATE utf8mb4_bin NOT NULL,
  PRIMARY KEY (`id`)
) ENGINE=InnoDB AUTO_INCREMENT=5 DEFAULT CHARSET=utf8mb4 COLLATE=utf8mb4_bin;

-- Dumping data for table essentialmode.licenses: ~4 rows (approximately)
/*!40000 ALTER TABLE `licenses` DISABLE KEYS */;
INSERT INTO `licenses` (`id`, `type`, `label`) VALUES
	(1, 'dmv', '📋 Körkortstillstånd'),
	(2, 'drive', '🎫 B-Körkort'),
	(3, 'drive_bike', '🎫 MC-Körkort'),
	(4, 'drive_truck', '🎫 CE-Körkort');
/*!40000 ALTER TABLE `licenses` ENABLE KEYS */;

-- Dumping structure for table essentialmode.owned_properties
CREATE TABLE IF NOT EXISTS `owned_properties` (
  `id` int(11) NOT NULL AUTO_INCREMENT,
  `name` varchar(255) NOT NULL,
  `price` double NOT NULL,
  `rented` int(11) NOT NULL,
  `owner` varchar(60) NOT NULL,
  PRIMARY KEY (`id`)
) ENGINE=InnoDB DEFAULT CHARSET=latin1;

-- Dumping data for table essentialmode.owned_properties: ~0 rows (approximately)
/*!40000 ALTER TABLE `owned_properties` DISABLE KEYS */;
/*!40000 ALTER TABLE `owned_properties` ENABLE KEYS */;

-- Dumping structure for table essentialmode.owned_vehicles
CREATE TABLE IF NOT EXISTS `owned_vehicles` (
  `owner` varchar(30) DEFAULT NULL,
  `state` tinyint(1) NOT NULL DEFAULT '0' COMMENT 'Etat de la voiture',
  `plate` varchar(12) NOT NULL,
  `vehicle` longtext,
  PRIMARY KEY (`plate`)
) ENGINE=InnoDB DEFAULT CHARSET=latin1;

-- Dumping data for table essentialmode.owned_vehicles: ~1 rows (approximately)
/*!40000 ALTER TABLE `owned_vehicles` DISABLE KEYS */;
INSERT INTO `owned_vehicles` (`owner`, `state`, `plate`, `vehicle`) VALUES
	('steam:11000010cfda651', 1, '', '{"modBackWheels":-1,"modFrontWheels":-1,"modTrimA":-1,"modXenon":false,"modAerials":-1,"modAirFilter":-1,"modSmokeEnabled":false,"modArmor":-1,"modSeats":-1,"wheelColor":0,"modEngine":-1,"modSideSkirt":-1,"modHood":-1,"modTransmission":-1,"neonEnabled":[false,false,false,false],"modPlateHolder":-1,"modTrimB":-1,"tyreSmokeColor":[0,0,0],"modFrame":-1,"modBrakes":-1,"modOrnaments":-1,"wheels":0,"plateIndex":-1,"modVanityPlate":-1,"modTurbo":false,"modArchCover":-1,"modHydrolic":-1,"health":0,"windowTint":-1,"modSteeringWheel":-1,"modFender":-1,"modShifterLeavers":-1,"modRearBumper":-1,"modDoorSpeaker":-1,"modAPlate":-1,"pearlescentColor":0,"color1":0,"neonColor":[0,0,0],"modRoof":-1,"dirtLevel":0.0,"modGrille":-1,"modEngineBlock":-1,"model":0,"modSpoilers":-1,"modRightFender":-1,"modTrunk":-1,"modHorns":-1,"modSpeakers":-1,"modTank":-1,"modDial":-1,"modSuspension":-1,"modExhaust":-1,"modLivery":-1,"modFrontBumper":-1,"modDashboard":-1,"modWindows":-1,"modStruts":-1,"color2":0}');
/*!40000 ALTER TABLE `owned_vehicles` ENABLE KEYS */;

-- Dumping structure for table essentialmode.properties
CREATE TABLE IF NOT EXISTS `properties` (
  `id` int(11) NOT NULL AUTO_INCREMENT,
  `name` varchar(255) DEFAULT NULL,
  `label` varchar(255) DEFAULT NULL,
  `entering` varchar(255) DEFAULT NULL,
  `exit` varchar(255) DEFAULT NULL,
  `inside` varchar(255) DEFAULT NULL,
  `outside` varchar(255) DEFAULT NULL,
  `ipls` varchar(255) DEFAULT '[]',
  `gateway` varchar(255) DEFAULT NULL,
  `is_single` int(11) DEFAULT NULL,
  `is_room` int(11) DEFAULT NULL,
  `is_gateway` int(11) DEFAULT NULL,
  `room_menu` varchar(255) DEFAULT NULL,
  `price` int(11) NOT NULL,
  PRIMARY KEY (`id`)
) ENGINE=InnoDB AUTO_INCREMENT=43 DEFAULT CHARSET=latin1;

-- Dumping data for table essentialmode.properties: ~42 rows (approximately)
/*!40000 ALTER TABLE `properties` DISABLE KEYS */;
INSERT INTO `properties` (`id`, `name`, `label`, `entering`, `exit`, `inside`, `outside`, `ipls`, `gateway`, `is_single`, `is_room`, `is_gateway`, `room_menu`, `price`) VALUES
	(1, 'WhispymoundDrive', '2677 Whispymound Drive', '{"y":564.89,"z":182.959,"x":119.384}', '{"x":117.347,"y":559.506,"z":183.304}', '{"y":557.032,"z":183.301,"x":118.037}', '{"y":567.798,"z":182.131,"x":119.249}', '[]', NULL, 1, 1, 0, '{"x":118.748,"y":566.573,"z":175.697}', 1500000),
	(2, 'NorthConkerAvenue2045', '2045 North Conker Avenue', '{"x":372.796,"y":428.327,"z":144.685}', '{"x":373.548,"y":422.982,"z":144.907},', '{"y":420.075,"z":145.904,"x":372.161}', '{"x":372.454,"y":432.886,"z":143.443}', '[]', NULL, 1, 1, 0, '{"x":377.349,"y":429.422,"z":137.3}', 1500000),
	(3, 'RichardMajesticApt2', 'Richard Majestic, Apt 2', '{"y":-379.165,"z":37.961,"x":-936.363}', '{"y":-365.476,"z":113.274,"x":-913.097}', '{"y":-367.637,"z":113.274,"x":-918.022}', '{"y":-382.023,"z":37.961,"x":-943.626}', '[]', NULL, 1, 1, 0, '{"x":-927.554,"y":-377.744,"z":112.674}', 1700000),
	(4, 'NorthConkerAvenue2044', '2044 North Conker Avenue', '{"y":440.8,"z":146.702,"x":346.964}', '{"y":437.456,"z":148.394,"x":341.683}', '{"y":435.626,"z":148.394,"x":339.595}', '{"x":350.535,"y":443.329,"z":145.764}', '[]', NULL, 1, 1, 0, '{"x":337.726,"y":436.985,"z":140.77}', 1500000),
	(5, 'WildOatsDrive', '3655 Wild Oats Drive', '{"y":502.696,"z":136.421,"x":-176.003}', '{"y":497.817,"z":136.653,"x":-174.349}', '{"y":495.069,"z":136.666,"x":-173.331}', '{"y":506.412,"z":135.0664,"x":-177.927}', '[]', NULL, 1, 1, 0, '{"x":-174.725,"y":493.095,"z":129.043}', 1500000),
	(6, 'HillcrestAvenue2862', '2862 Hillcrest Avenue', '{"y":596.58,"z":142.641,"x":-686.554}', '{"y":591.988,"z":144.392,"x":-681.728}', '{"y":590.608,"z":144.392,"x":-680.124}', '{"y":599.019,"z":142.059,"x":-689.492}', '[]', NULL, 1, 1, 0, '{"x":-680.46,"y":588.6,"z":136.769}', 1500000),
	(7, 'LowEndApartment', 'Appartement de base', '{"y":-1078.735,"z":28.4031,"x":292.528}', '{"y":-1007.152,"z":-102.002,"x":265.845}', '{"y":-1002.802,"z":-100.008,"x":265.307}', '{"y":-1078.669,"z":28.401,"x":296.738}', '[]', NULL, 1, 1, 0, '{"x":265.916,"y":-999.38,"z":-100.008}', 562500),
	(8, 'MadWayneThunder', '2113 Mad Wayne Thunder', '{"y":454.955,"z":96.462,"x":-1294.433}', '{"x":-1289.917,"y":449.541,"z":96.902}', '{"y":446.322,"z":96.899,"x":-1289.642}', '{"y":455.453,"z":96.517,"x":-1298.851}', '[]', NULL, 1, 1, 0, '{"x":-1287.306,"y":455.901,"z":89.294}', 1500000),
	(9, 'HillcrestAvenue2874', '2874 Hillcrest Avenue', '{"x":-853.346,"y":696.678,"z":147.782}', '{"y":690.875,"z":151.86,"x":-859.961}', '{"y":688.361,"z":151.857,"x":-859.395}', '{"y":701.628,"z":147.773,"x":-855.007}', '[]', NULL, 1, 1, 0, '{"x":-858.543,"y":697.514,"z":144.253}', 1500000),
	(10, 'HillcrestAvenue2868', '2868 Hillcrest Avenue', '{"y":620.494,"z":141.588,"x":-752.82}', '{"y":618.62,"z":143.153,"x":-759.317}', '{"y":617.629,"z":143.153,"x":-760.789}', '{"y":621.281,"z":141.254,"x":-750.919}', '[]', NULL, 1, 1, 0, '{"x":-762.504,"y":618.992,"z":135.53}', 1500000),
	(11, 'TinselTowersApt12', 'Tinsel Towers, Apt 42', '{"y":37.025,"z":42.58,"x":-618.299}', '{"y":58.898,"z":97.2,"x":-603.301}', '{"y":58.941,"z":97.2,"x":-608.741}', '{"y":30.603,"z":42.524,"x":-620.017}', '[]', NULL, 1, 1, 0, '{"x":-622.173,"y":54.585,"z":96.599}', 1700000),
	(12, 'MiltonDrive', 'Milton Drive', '{"x":-775.17,"y":312.01,"z":84.658}', NULL, NULL, '{"x":-775.346,"y":306.776,"z":84.7}', '[]', NULL, 0, 0, 1, NULL, 0),
	(13, 'Modern1Apartment', 'Appartement Moderne 1', NULL, '{"x":-784.194,"y":323.636,"z":210.997}', '{"x":-779.751,"y":323.385,"z":210.997}', NULL, '["apa_v_mp_h_01_a"]', 'MiltonDrive', 0, 1, 0, '{"x":-766.661,"y":327.672,"z":210.396}', 1300000),
	(14, 'Modern2Apartment', 'Appartement Moderne 2', NULL, '{"x":-786.8663,"y":315.764,"z":186.913}', '{"x":-781.808,"y":315.866,"z":186.913}', NULL, '["apa_v_mp_h_01_c"]', 'MiltonDrive', 0, 1, 0, '{"x":-795.735,"y":326.757,"z":186.313}', 1300000),
	(15, 'Modern3Apartment', 'Appartement Moderne 3', NULL, '{"x":-774.012,"y":342.042,"z":195.686}', '{"x":-779.057,"y":342.063,"z":195.686}', NULL, '["apa_v_mp_h_01_b"]', 'MiltonDrive', 0, 1, 0, '{"x":-765.386,"y":330.782,"z":195.08}', 1300000),
	(16, 'Mody1Apartment', 'Appartement Mode 1', NULL, '{"x":-784.194,"y":323.636,"z":210.997}', '{"x":-779.751,"y":323.385,"z":210.997}', NULL, '["apa_v_mp_h_02_a"]', 'MiltonDrive', 0, 1, 0, '{"x":-766.615,"y":327.878,"z":210.396}', 1300000),
	(17, 'Mody2Apartment', 'Appartement Mode 2', NULL, '{"x":-786.8663,"y":315.764,"z":186.913}', '{"x":-781.808,"y":315.866,"z":186.913}', NULL, '["apa_v_mp_h_02_c"]', 'MiltonDrive', 0, 1, 0, '{"x":-795.297,"y":327.092,"z":186.313}', 1300000),
	(18, 'Mody3Apartment', 'Appartement Mode 3', NULL, '{"x":-774.012,"y":342.042,"z":195.686}', '{"x":-779.057,"y":342.063,"z":195.686}', NULL, '["apa_v_mp_h_02_b"]', 'MiltonDrive', 0, 1, 0, '{"x":-765.303,"y":330.932,"z":195.085}', 1300000),
	(19, 'Vibrant1Apartment', 'Appartement Vibrant 1', NULL, '{"x":-784.194,"y":323.636,"z":210.997}', '{"x":-779.751,"y":323.385,"z":210.997}', NULL, '["apa_v_mp_h_03_a"]', 'MiltonDrive', 0, 1, 0, '{"x":-765.885,"y":327.641,"z":210.396}', 1300000),
	(20, 'Vibrant2Apartment', 'Appartement Vibrant 2', NULL, '{"x":-786.8663,"y":315.764,"z":186.913}', '{"x":-781.808,"y":315.866,"z":186.913}', NULL, '["apa_v_mp_h_03_c"]', 'MiltonDrive', 0, 1, 0, '{"x":-795.607,"y":327.344,"z":186.313}', 1300000),
	(21, 'Vibrant3Apartment', 'Appartement Vibrant 3', NULL, '{"x":-774.012,"y":342.042,"z":195.686}', '{"x":-779.057,"y":342.063,"z":195.686}', NULL, '["apa_v_mp_h_03_b"]', 'MiltonDrive', 0, 1, 0, '{"x":-765.525,"y":330.851,"z":195.085}', 1300000),
	(22, 'Sharp1Apartment', 'Appartement Persan 1', NULL, '{"x":-784.194,"y":323.636,"z":210.997}', '{"x":-779.751,"y":323.385,"z":210.997}', NULL, '["apa_v_mp_h_04_a"]', 'MiltonDrive', 0, 1, 0, '{"x":-766.527,"y":327.89,"z":210.396}', 1300000),
	(23, 'Sharp2Apartment', 'Appartement Persan 2', NULL, '{"x":-786.8663,"y":315.764,"z":186.913}', '{"x":-781.808,"y":315.866,"z":186.913}', NULL, '["apa_v_mp_h_04_c"]', 'MiltonDrive', 0, 1, 0, '{"x":-795.642,"y":326.497,"z":186.313}', 1300000),
	(24, 'Sharp3Apartment', 'Appartement Persan 3', NULL, '{"x":-774.012,"y":342.042,"z":195.686}', '{"x":-779.057,"y":342.063,"z":195.686}', NULL, '["apa_v_mp_h_04_b"]', 'MiltonDrive', 0, 1, 0, '{"x":-765.503,"y":331.318,"z":195.085}', 1300000),
	(25, 'Monochrome1Apartment', 'Appartement Monochrome 1', NULL, '{"x":-784.194,"y":323.636,"z":210.997}', '{"x":-779.751,"y":323.385,"z":210.997}', NULL, '["apa_v_mp_h_05_a"]', 'MiltonDrive', 0, 1, 0, '{"x":-766.289,"y":328.086,"z":210.396}', 1300000),
	(26, 'Monochrome2Apartment', 'Appartement Monochrome 2', NULL, '{"x":-786.8663,"y":315.764,"z":186.913}', '{"x":-781.808,"y":315.866,"z":186.913}', NULL, '["apa_v_mp_h_05_c"]', 'MiltonDrive', 0, 1, 0, '{"x":-795.692,"y":326.762,"z":186.313}', 1300000),
	(27, 'Monochrome3Apartment', 'Appartement Monochrome 3', NULL, '{"x":-774.012,"y":342.042,"z":195.686}', '{"x":-779.057,"y":342.063,"z":195.686}', NULL, '["apa_v_mp_h_05_b"]', 'MiltonDrive', 0, 1, 0, '{"x":-765.094,"y":330.976,"z":195.085}', 1300000),
	(28, 'Seductive1Apartment', 'Appartement Séduisant 1', NULL, '{"x":-784.194,"y":323.636,"z":210.997}', '{"x":-779.751,"y":323.385,"z":210.997}', NULL, '["apa_v_mp_h_06_a"]', 'MiltonDrive', 0, 1, 0, '{"x":-766.263,"y":328.104,"z":210.396}', 1300000),
	(29, 'Seductive2Apartment', 'Appartement Séduisant 2', NULL, '{"x":-786.8663,"y":315.764,"z":186.913}', '{"x":-781.808,"y":315.866,"z":186.913}', NULL, '["apa_v_mp_h_06_c"]', 'MiltonDrive', 0, 1, 0, '{"x":-795.655,"y":326.611,"z":186.313}', 1300000),
	(30, 'Seductive3Apartment', 'Appartement Séduisant 3', NULL, '{"x":-774.012,"y":342.042,"z":195.686}', '{"x":-779.057,"y":342.063,"z":195.686}', NULL, '["apa_v_mp_h_06_b"]', 'MiltonDrive', 0, 1, 0, '{"x":-765.3,"y":331.414,"z":195.085}', 1300000),
	(31, 'Regal1Apartment', 'Appartement Régal 1', NULL, '{"x":-784.194,"y":323.636,"z":210.997}', '{"x":-779.751,"y":323.385,"z":210.997}', NULL, '["apa_v_mp_h_07_a"]', 'MiltonDrive', 0, 1, 0, '{"x":-765.956,"y":328.257,"z":210.396}', 1300000),
	(32, 'Regal2Apartment', 'Appartement Régal 2', NULL, '{"x":-786.8663,"y":315.764,"z":186.913}', '{"x":-781.808,"y":315.866,"z":186.913}', NULL, '["apa_v_mp_h_07_c"]', 'MiltonDrive', 0, 1, 0, '{"x":-795.545,"y":326.659,"z":186.313}', 1300000),
	(33, 'Regal3Apartment', 'Appartement Régal 3', NULL, '{"x":-774.012,"y":342.042,"z":195.686}', '{"x":-779.057,"y":342.063,"z":195.686}', NULL, '["apa_v_mp_h_07_b"]', 'MiltonDrive', 0, 1, 0, '{"x":-765.087,"y":331.429,"z":195.123}', 1300000),
	(34, 'Aqua1Apartment', 'Appartement Aqua 1', NULL, '{"x":-784.194,"y":323.636,"z":210.997}', '{"x":-779.751,"y":323.385,"z":210.997}', NULL, '["apa_v_mp_h_08_a"]', 'MiltonDrive', 0, 1, 0, '{"x":-766.187,"y":328.47,"z":210.396}', 1300000),
	(35, 'Aqua2Apartment', 'Appartement Aqua 2', NULL, '{"x":-786.8663,"y":315.764,"z":186.913}', '{"x":-781.808,"y":315.866,"z":186.913}', NULL, '["apa_v_mp_h_08_c"]', 'MiltonDrive', 0, 1, 0, '{"x":-795.658,"y":326.563,"z":186.313}', 1300000),
	(36, 'Aqua3Apartment', 'Appartement Aqua 3', NULL, '{"x":-774.012,"y":342.042,"z":195.686}', '{"x":-779.057,"y":342.063,"z":195.686}', NULL, '["apa_v_mp_h_08_b"]', 'MiltonDrive', 0, 1, 0, '{"x":-765.287,"y":331.084,"z":195.086}', 1300000),
	(37, 'IntegrityWay', '4 Integrity Way', '{"x":-47.804,"y":-585.867,"z":36.956}', NULL, NULL, '{"x":-54.178,"y":-583.762,"z":35.798}', '[]', NULL, 0, 0, 1, NULL, 0),
	(38, 'IntegrityWay28', '4 Integrity Way - Apt 28', NULL, '{"x":-31.409,"y":-594.927,"z":79.03}', '{"x":-26.098,"y":-596.909,"z":79.03}', NULL, '[]', 'IntegrityWay', 0, 1, 0, '{"x":-11.923,"y":-597.083,"z":78.43}', 1700000),
	(39, 'IntegrityWay30', '4 Integrity Way - Apt 30', NULL, '{"x":-17.702,"y":-588.524,"z":89.114}', '{"x":-16.21,"y":-582.569,"z":89.114}', NULL, '[]', 'IntegrityWay', 0, 1, 0, '{"x":-26.327,"y":-588.384,"z":89.123}', 1700000),
	(40, 'DellPerroHeights', 'Dell Perro Heights', '{"x":-1447.06,"y":-538.28,"z":33.74}', NULL, NULL, '{"x":-1440.022,"y":-548.696,"z":33.74}', '[]', NULL, 0, 0, 1, NULL, 0),
	(41, 'DellPerroHeightst4', 'Dell Perro Heights - Apt 28', NULL, '{"x":-1452.125,"y":-540.591,"z":73.044}', '{"x":-1455.435,"y":-535.79,"z":73.044}', NULL, '[]', 'DellPerroHeights', 0, 1, 0, '{"x":-1467.058,"y":-527.571,"z":72.443}', 1700000),
	(42, 'DellPerroHeightst7', 'Dell Perro Heights - Apt 30', NULL, '{"x":-1451.562,"y":-523.535,"z":55.928}', '{"x":-1456.02,"y":-519.209,"z":55.929}', NULL, '[]', 'DellPerroHeights', 0, 1, 0, '{"x":-1457.026,"y":-530.219,"z":55.937}', 1700000);
/*!40000 ALTER TABLE `properties` ENABLE KEYS */;

-- Dumping structure for table essentialmode.rented_vehicles
CREATE TABLE IF NOT EXISTS `rented_vehicles` (
  `vehicle` varchar(60) NOT NULL,
  `plate` varchar(12) NOT NULL,
  `player_name` varchar(255) NOT NULL,
  `base_price` int(11) NOT NULL,
  `rent_price` int(11) NOT NULL,
  `owner` varchar(30) NOT NULL,
  PRIMARY KEY (`plate`)
) ENGINE=InnoDB DEFAULT CHARSET=latin1;

-- Dumping data for table essentialmode.rented_vehicles: ~0 rows (approximately)
/*!40000 ALTER TABLE `rented_vehicles` DISABLE KEYS */;
/*!40000 ALTER TABLE `rented_vehicles` ENABLE KEYS */;

-- Dumping structure for table essentialmode.shops
CREATE TABLE IF NOT EXISTS `shops` (
  `id` int(11) NOT NULL AUTO_INCREMENT,
  `name` varchar(255) NOT NULL,
  `item` varchar(255) NOT NULL,
  `price` int(11) NOT NULL,
  PRIMARY KEY (`id`)
) ENGINE=InnoDB AUTO_INCREMENT=40 DEFAULT CHARSET=latin1;

-- Dumping data for table essentialmode.shops: ~30 rows (approximately)
/*!40000 ALTER TABLE `shops` DISABLE KEYS */;
INSERT INTO `shops` (`id`, `name`, `item`, `price`) VALUES
	(1, 'TwentyFourSeven', 'cigarett', 5),
	(2, 'TwentyFourSeven', 'lighter', 15),
	(3, 'RobsLiquor', 'cigarett', 5),
	(4, 'RobsLiquor', 'lighter', 15),
	(5, 'LTDgasoline', 'cigarett', 5),
	(6, 'LTDgasoline', 'lighter', 15),
	(7, 'LTDgasoline', 'umbrella', 75),
	(8, 'LTDgasoline', 'picnic', 120),
	(9, 'LTDgasoline', 'donut', 15),
	(11, 'LTDgasoline', 'sandwich', 35),
	(12, 'LTDgasoline', 'rose', 80),
	(15, 'TwentyFourSeven', 'umbrella', 75),
	(16, 'TwentyFourSeven', 'picnic', 120),
	(17, 'TwentyFourSeven', 'donut', 15),
	(19, 'TwentyFourSeven', 'sandwich', 35),
	(20, 'TwentyFourSeven', 'rose', 80),
	(23, 'RobsLiquor', 'umbrella', 75),
	(24, 'RobsLiquor', 'picnic', 120),
	(25, 'RobsLiquor', 'donut', 15),
	(27, 'RobsLiquor', 'sandwich', 35),
	(28, 'RobsLiquor', 'rose', 80),
	(31, 'RobsLiquor', 'phone', 850),
	(32, 'TwentyFourSeven', 'phone', 850),
	(33, 'LTDgasoline', 'phone', 850),
	(34, 'LTDgasoline', 'Fishing Rod', 450),
	(35, 'TwentyFourSeven', 'Fishing Rod', 450),
	(36, 'RobsLiquor', 'Fishing Rod', 450),
	(37, 'RobsLiquor', 'Fishing Lure', 20),
	(38, 'TwentyFourSeven', 'Fishing Lure', 20),
	(39, 'LTDgasoline', 'Fishing Lure', 20);
/*!40000 ALTER TABLE `shops` ENABLE KEYS */;

-- Dumping structure for table essentialmode.society_moneywash
CREATE TABLE IF NOT EXISTS `society_moneywash` (
  `id` int(11) NOT NULL AUTO_INCREMENT,
  `identifier` varchar(60) COLLATE utf8mb4_bin NOT NULL,
  `society` varchar(60) COLLATE utf8mb4_bin NOT NULL,
  `amount` int(11) NOT NULL,
  PRIMARY KEY (`id`)
) ENGINE=InnoDB DEFAULT CHARSET=utf8mb4 COLLATE=utf8mb4_bin;

-- Dumping data for table essentialmode.society_moneywash: ~0 rows (approximately)
/*!40000 ALTER TABLE `society_moneywash` DISABLE KEYS */;
/*!40000 ALTER TABLE `society_moneywash` ENABLE KEYS */;

-- Dumping structure for table essentialmode.svartamarknaden
CREATE TABLE IF NOT EXISTS `svartamarknaden` (
  `id` int(11) NOT NULL AUTO_INCREMENT,
  `name` varchar(255) COLLATE utf8mb4_bin NOT NULL,
  `item` varchar(255) COLLATE utf8mb4_bin NOT NULL,
  `price` int(11) NOT NULL,
  PRIMARY KEY (`id`)
) ENGINE=InnoDB AUTO_INCREMENT=9 DEFAULT CHARSET=utf8mb4 COLLATE=utf8mb4_bin;

-- Dumping data for table essentialmode.svartamarknaden: ~8 rows (approximately)
/*!40000 ALTER TABLE `svartamarknaden` DISABLE KEYS */;
INSERT INTO `svartamarknaden` (`id`, `name`, `item`, `price`) VALUES
	(1, 'Svartamarknaden', 'weed_seed', 500),
	(2, 'Svartamarknaden', 'bulletproof', 1000),
	(3, 'Svartamarknaden', 'buntband', 100),
	(4, 'Svartamarknaden', 'coke_ingredients', 700),
	(5, 'Svartamarknaden', 'encrypted_simcard', 1200),
	(6, 'Svartamarknaden', 'meth_ingredients', 900),
	(7, 'Svartamarknaden', 'policecard', 2000),
	(8, 'Svartamarknaden', 'drill', 5000);
/*!40000 ALTER TABLE `svartamarknaden` ENABLE KEYS */;

-- Dumping structure for table essentialmode.users
CREATE TABLE IF NOT EXISTS `users` (
  `identifier` varchar(50) COLLATE utf8mb4_bin DEFAULT NULL,
  `license` varchar(50) COLLATE utf8mb4_bin DEFAULT NULL,
  `money` int(11) DEFAULT NULL,
  `name` varchar(255) COLLATE utf8mb4_bin DEFAULT '',
  `skin` longtext COLLATE utf8mb4_bin,
  `job` varchar(255) COLLATE utf8mb4_bin DEFAULT 'unemployed',
  `job_grade` int(11) DEFAULT '0',
  `loadout` longtext COLLATE utf8mb4_bin,
  `position` varchar(255) COLLATE utf8mb4_bin DEFAULT NULL,
  `bank` int(11) DEFAULT NULL,
  `permission_level` int(11) DEFAULT NULL,
  `group` varchar(50) COLLATE utf8mb4_bin DEFAULT NULL,
  `status` longtext COLLATE utf8mb4_bin,
  `firstname` varchar(50) COLLATE utf8mb4_bin DEFAULT '',
  `lastname` varchar(50) COLLATE utf8mb4_bin DEFAULT '',
  `dateofbirth` varchar(25) COLLATE utf8mb4_bin DEFAULT '',
  `sex` varchar(10) COLLATE utf8mb4_bin DEFAULT '',
  `height` varchar(5) COLLATE utf8mb4_bin DEFAULT '',
  `is_dead` tinyint(1) DEFAULT '0',
  `drive` varchar(50) COLLATE utf8mb4_bin DEFAULT 'no',
  `drive_bike` varchar(50) COLLATE utf8mb4_bin DEFAULT 'no',
  `drive_truck` varchar(50) COLLATE utf8mb4_bin DEFAULT 'no',
  `tattoos` varchar(255) COLLATE utf8mb4_bin DEFAULT '{}',
  `jail` int(11) NOT NULL DEFAULT '0',
  `last_property` varchar(255) COLLATE utf8mb4_bin DEFAULT NULL,
  `phone_number` int(11) DEFAULT NULL
) ENGINE=InnoDB DEFAULT CHARSET=utf8mb4 COLLATE=utf8mb4_bin;

-- Dumping data for table essentialmode.users: ~39 rows (approximately)
/*!40000 ALTER TABLE `users` DISABLE KEYS */;
INSERT INTO `users` (`identifier`, `license`, `money`, `name`, `skin`, `job`, `job_grade`, `loadout`, `position`, `bank`, `permission_level`, `group`, `status`, `firstname`, `lastname`, `dateofbirth`, `sex`, `height`, `is_dead`, `drive`, `drive_bike`, `drive_truck`, `tattoos`, `jail`, `last_property`, `phone_number`) VALUES
	('steam:11000010c6a226e', 'license:7a3286c3659d0aa6ae30afea85435bf437ade249', 0, 'Aspen', '{"age_2":0,"beard_3":3,"pants_2":7,"watches_2":0,"shoes_2":0,"age_1":0,"arms":4,"skin":0,"lipstick_3":0,"glasses_1":8,"mask_1":0,"helmet_1":-1,"beard_4":0,"chain_1":0,"makeup_4":0,"decals_1":0,"tshirt_1":24,"ears_1":-1,"mask_2":0,"bproof_2":0,"lipstick_2":0,"bracelets_1":-1,"face":44,"bproof_1":0,"eyebrows_1":2,"watches_1":-1,"helmet_2":0,"tshirt_2":1,"shoes_1":27,"hair_color_2":0,"ears_2":0,"eyebrows_2":7,"beard_2":8,"makeup_1":0,"eyebrows_4":0,"lipstick_1":0,"bags_2":0,"torso_1":37,"sex":0,"decals_2":0,"hair_1":0,"bracelets_2":0,"hair_color_1":0,"chain_2":0,"glasses_2":11,"makeup_3":0,"pants_1":75,"torso_2":2,"beard_1":25,"hair_2":0,"makeup_2":0,"eyebrows_3":1,"lipstick_4":0,"bags_1":0}', 'ambulance', 0, '[]', '{"z":34.498031616211,"y":-338.45355224609,"x":-496.15713500977}', 380, 0, 'user', '[{"val":659800,"percent":65.98,"name":"hunger"},{"val":885250,"percent":88.525,"name":"thirst"}]', 'Ragnar', 'Lind', '1987-12-20', 'Man', '187', 0, 'yes', 'no', 'no', '{}', 0, NULL, 82784),
	('steam:1100001121385c4', 'license:81dfe04058665c258399b354ce7f7f4d71e72ea4', 16, 'rofusxd', '{"age_2":0,"beard_3":0,"sex":0,"watches_2":0,"shoes_2":0,"age_1":0,"arms":11,"beard_1":0,"lipstick_3":0,"glasses_1":5,"mask_1":0,"helmet_1":-1,"beard_4":0,"chain_1":0,"mask_2":0,"eyebrows_2":10,"tshirt_1":15,"ears_1":-1,"eyebrows_3":8,"bproof_2":0,"lipstick_2":0,"bracelets_1":-1,"face":44,"makeup_4":0,"decals_1":0,"watches_1":4,"helmet_2":0,"tshirt_2":0,"shoes_1":3,"bproof_1":0,"bracelets_2":0,"makeup_1":0,"torso_1":26,"chain_2":0,"eyebrows_4":0,"lipstick_1":0,"bags_2":0,"pants_1":24,"pants_2":0,"decals_2":0,"ears_2":0,"eyebrows_1":0,"hair_color_2":0,"skin":4,"glasses_2":0,"makeup_3":0,"hair_1":15,"hair_2":1,"hair_color_1":3,"torso_2":0,"makeup_2":0,"beard_2":9,"lipstick_4":0,"bags_1":0}', 'police', 1, '[{"name":"WEAPON_NIGHTSTICK","ammo":0,"label":"Batong","components":[]}]', '{"x":386.9,"y":-839.4,"z":29.3}', 3495, 0, 'user', '[{"percent":18.45,"val":184500,"name":"hunger"},{"percent":34.3175,"val":343175,"name":"thirst"}]', 'Rofus', 'Bergström', '1995-03-17', 'Man', '189', 0, 'yes', 'no', 'no', '{}', 0, NULL, 62649),
	('steam:110000114898b97', 'license:1ab5da7f03d82f0451035f40fb59c26f9462482d', 0, 'Bajenxd', '{"age_2":0,"beard_3":0,"sex":0,"watches_2":0,"shoes_2":1,"age_1":0,"makeup_1":0,"hair_2":0,"lipstick_3":0,"hair_color_2":38,"mask_1":0,"helmet_1":9,"beard_4":0,"chain_1":92,"makeup_4":0,"glasses_1":0,"hair_1":14,"ears_1":3,"eyebrows_2":10,"bproof_2":0,"lipstick_2":0,"bracelets_1":1,"face":0,"decals_1":0,"skin":3,"watches_1":0,"helmet_2":7,"tshirt_2":0,"shoes_1":6,"pants_2":9,"arms":11,"beard_1":2,"pants_1":5,"bracelets_2":0,"eyebrows_4":0,"lipstick_1":0,"bags_2":0,"lipstick_4":0,"mask_2":0,"decals_2":0,"ears_2":0,"torso_2":14,"hair_color_1":0,"eyebrows_3":0,"glasses_2":0,"makeup_3":0,"torso_1":82,"chain_2":0,"bproof_1":0,"eyebrows_1":0,"makeup_2":0,"beard_2":10,"tshirt_1":15,"bags_1":0}', 'lumberjack', 0, '[]', '{"z":25.947860717773,"y":-1116.3829345703,"x":-46.206443786621}', 0, 0, 'user', '[{"percent":48.51,"val":485100,"name":"hunger"},{"percent":61.3825,"val":613825,"name":"thirst"}]', 'Jax', 'Perez', '1998-02-21', 'Man', '187', 0, 'no', 'no', 'no', '{}', 0, NULL, 53187),
	('steam:11000010a2f0ca2', 'license:75673b86910574f4e02d08739c32fa3dad402b6a', 104, '=Adam=', '{"age_2":0,"beard_3":0,"pants_2":0,"watches_2":0,"shoes_2":3,"age_1":0,"makeup_1":0,"beard_1":10,"lipstick_3":0,"glasses_1":0,"mask_1":0,"helmet_1":-1,"pants_1":4,"chain_1":0,"makeup_4":0,"beard_4":0,"lipstick_4":0,"ears_1":-1,"mask_2":0,"bproof_2":0,"lipstick_2":0,"bracelets_1":-1,"face":0,"decals_1":0,"ears_2":0,"watches_1":-1,"helmet_2":0,"tshirt_2":0,"shoes_1":32,"eyebrows_1":1,"arms":4,"hair_color_2":0,"eyebrows_2":6,"hair_color_1":16,"eyebrows_4":0,"lipstick_1":0,"bags_2":0,"hair_2":0,"torso_2":12,"decals_2":0,"hair_1":19,"bracelets_2":0,"skin":8,"sex":0,"glasses_2":0,"makeup_3":0,"eyebrows_3":0,"chain_2":0,"bproof_1":0,"torso_1":200,"makeup_2":0,"beard_2":10,"tshirt_1":15,"bags_1":0}', 'police', 4, '[{"ammo":0,"label":"Batong","name":"WEAPON_NIGHTSTICK"},{"ammo":110,"label":"Combat pistol","name":"WEAPON_COMBATPISTOL"},{"ammo":250,"label":"Elchockpistol","name":"WEAPON_STUNGUN"},{"ammo":0,"label":"Ficklampa","name":"WEAPON_FLASHLIGHT"}]', '{"x":-116.46785736084,"y":1954.4786376953,"z":190.28207397461}', 4150, 4, 'superadmin', '[{"name":"hunger","percent":21.58,"val":215800},{"name":"thirst","percent":28.685,"val":286850}]', 'Karim', 'Mitovic', '1989-04-27', 'Man', '187', 0, 'no', 'no', 'no', '[{"collection":"mpbiker_overlays","texture":26},{"collection":"mpbeach_overlays","texture":15},{"collection":"mpgunrunning_overlays","texture":26}]', 0, NULL, 41525),
	('steam:11000010acee315', 'license:346db247af13816a4fc4284316e0b7942e678c1a', 0, 'MissPixie', '{"age_2":0,"beard_3":0,"pants_2":1,"watches_2":0,"shoes_2":0,"age_1":0,"arms":3,"hair_2":0,"lipstick_3":0,"hair_color_2":0,"mask_1":0,"helmet_1":-1,"pants_1":11,"chain_1":0,"makeup_4":0,"hair_color_1":0,"mask_2":0,"ears_1":-1,"sex":1,"bproof_2":0,"lipstick_2":0,"bracelets_1":-1,"face":21,"lipstick_4":0,"beard_4":0,"watches_1":0,"helmet_2":0,"tshirt_2":0,"shoes_1":27,"decals_1":0,"eyebrows_2":10,"eyebrows_1":2,"beard_2":0,"bracelets_2":0,"eyebrows_4":0,"lipstick_1":0,"bags_2":0,"bproof_1":0,"glasses_1":5,"decals_2":0,"ears_2":0,"torso_2":20,"makeup_1":0,"chain_2":0,"glasses_2":0,"makeup_3":0,"beard_1":2,"skin":5,"hair_1":4,"torso_1":202,"makeup_2":0,"eyebrows_3":1,"tshirt_1":9,"bags_1":0}', 'police', 4, '[]', '{"x":-33.806648254395,"y":2243.8522949219,"z":121.48132324219}', 4140, 0, 'user', '[{"name":"hunger","percent":40.37,"val":403700},{"name":"thirst","percent":42.7775,"val":427775}]', 'Linnea', 'Andersson', '1991-11-10', 'Kvinna', '166', 0, 'no', 'no', 'no', '[{"collection":"mplowrider_overlays","texture":33}]', 0, NULL, 90634),
	('steam:11000013466bebc', 'license:eafa0f577a776ddea5627c3af0958be42c120477', 0, 'huggannnn', '{"age_2":0,"beard_3":0,"pants_2":7,"watches_2":0,"shoes_2":0,"age_1":0,"makeup_1":0,"skin":7,"lipstick_3":0,"hair_color_2":0,"mask_1":0,"helmet_1":-1,"pants_1":9,"chain_1":0,"mask_2":0,"beard_4":0,"arms":4,"ears_1":-1,"makeup_4":0,"bproof_2":0,"lipstick_2":0,"bracelets_1":-1,"face":0,"lipstick_4":0,"bracelets_2":0,"watches_1":-1,"helmet_2":0,"tshirt_2":0,"shoes_1":7,"eyebrows_2":10,"torso_1":171,"eyebrows_1":0,"sex":0,"chain_2":0,"eyebrows_4":0,"lipstick_1":0,"bags_2":0,"eyebrows_3":0,"beard_1":10,"decals_2":0,"ears_2":0,"torso_2":1,"decals_1":0,"bproof_1":0,"glasses_2":0,"makeup_3":0,"hair_2":0,"hair_color_1":7,"glasses_1":0,"hair_1":37,"makeup_2":0,"beard_2":10,"tshirt_1":2,"bags_1":0}', 'mecano', 0, '[]', '{"z":25.948568344116,"x":-68.164108276367,"y":-1137.349609375}', 315, 0, 'user', '[{"name":"hunger","percent":2.15,"val":21500},{"name":"thirst","percent":26.6125,"val":266125}]', 'Janne', 'Larsson', '1988-03-06', 'Man', '186', 0, 'no', 'no', 'no', '{}', 0, NULL, 84053),
	('steam:110000116fa1ad3', 'license:f6c6e70000f52c5bc0af488c087a5c0c5a83c6fd', 0, 'Jubbe', '{"age_2":0,"beard_3":0,"pants_2":0,"watches_2":0,"shoes_2":10,"age_1":0,"makeup_1":0,"hair_2":0,"lipstick_3":0,"hair_color_2":0,"mask_1":0,"helmet_1":-1,"pants_1":4,"chain_1":0,"makeup_4":0,"bracelets_2":0,"ears_2":0,"ears_1":-1,"makeup_3":0,"bproof_2":0,"lipstick_2":0,"bracelets_1":-1,"face":42,"skin":5,"glasses_1":0,"watches_1":-1,"helmet_2":0,"tshirt_2":2,"shoes_1":57,"hair_color_1":3,"sex":0,"beard_1":0,"eyebrows_3":58,"decals_1":0,"eyebrows_4":28,"lipstick_1":0,"bags_2":0,"beard_4":0,"mask_2":0,"decals_2":0,"hair_1":9,"eyebrows_1":26,"torso_2":5,"arms":12,"glasses_2":0,"eyebrows_2":10,"chain_2":0,"torso_1":122,"bproof_1":0,"tshirt_1":0,"makeup_2":0,"beard_2":10,"lipstick_4":0,"bags_1":0}', 'slaughterer', 0, '[]', '{"z":29.229106903076,"y":-858.82702636719,"x":238.71917724609}', 918, 0, 'user', '[{"val":332700,"percent":33.27,"name":"hunger"},{"val":536175,"percent":53.6175,"name":"thirst"}]', 'Kurt', 'Lynch', '1994/12/24', 'Man', '189', 0, 'no', 'no', 'no', '{}', 0, NULL, 77192),
	('Char1:1100001169feb5e', 'license:00bc987d35f11a7d99cbf8d46f03150a4ecce1f8', 0, 'Didrik', '{"age_2":0,"beard_3":0,"pants_2":0,"watches_2":0,"shoes_2":0,"age_1":0,"arms":0,"beard_1":0,"lipstick_3":0,"glasses_1":0,"mask_1":0,"helmet_1":-1,"pants_1":0,"chain_1":0,"mask_2":0,"hair_2":0,"decals_1":0,"ears_1":-1,"sex":0,"bproof_2":0,"lipstick_2":0,"bracelets_1":-1,"face":0,"eyebrows_2":0,"lipstick_4":0,"watches_1":-1,"helmet_2":0,"tshirt_2":0,"shoes_1":0,"hair_color_2":0,"bracelets_2":0,"skin":0,"torso_1":0,"makeup_1":0,"eyebrows_4":0,"lipstick_1":0,"bags_2":0,"hair_color_1":0,"ears_2":0,"decals_2":0,"hair_1":0,"bproof_1":0,"beard_4":0,"makeup_4":0,"glasses_2":0,"makeup_3":0,"torso_2":0,"chain_2":0,"eyebrows_1":0,"eyebrows_3":0,"makeup_2":0,"beard_2":0,"tshirt_1":0,"bags_1":0}', 'ambulance', 2, '[]', '{"y":-992.10717773438,"z":29.399055480957,"x":412.95370483398}', 170, 4, 'superadmin', '[{"percent":64.7,"val":647000,"name":"hunger"},{"percent":73.525,"val":735250,"name":"thirst"}]', 'Rikard', 'Larsson', '1990-01-24', 'Man', '185', 0, 'no', 'no', 'no', '{}', 0, NULL, 25669),
	('steam:110000103b6bb22', 'license:8664a68b34582ed32de9e60f9db3fb314ee1ac0a', 195, 'Slavdrivaren', '{"age_2":0,"beard_3":0,"pants_2":0,"watches_2":0,"shoes_2":14,"age_1":0,"arms":17,"skin":1,"lipstick_3":0,"chain_2":0,"mask_1":0,"helmet_1":-1,"beard_4":0,"chain_1":0,"makeup_4":0,"eyebrows_3":0,"hair_color_1":3,"ears_1":-1,"torso_2":2,"decals_1":0,"lipstick_2":0,"bracelets_1":-1,"face":44,"bracelets_2":0,"makeup_1":0,"watches_1":-1,"helmet_2":0,"tshirt_2":7,"shoes_1":10,"glasses_1":5,"hair_color_2":0,"sex":0,"beard_1":0,"makeup_3":0,"eyebrows_4":0,"lipstick_1":0,"bags_2":0,"eyebrows_1":0,"mask_2":0,"decals_2":0,"ears_2":0,"torso_1":72,"hair_1":37,"bproof_1":0,"glasses_2":0,"eyebrows_2":0,"tshirt_1":10,"bproof_2":0,"hair_2":0,"pants_1":10,"makeup_2":0,"beard_2":10,"lipstick_4":0,"bags_1":0}', 'police', 4, '[{"name":"WEAPON_NIGHTSTICK","ammo":0,"label":"Batong"},{"name":"WEAPON_COMBATPISTOL","ammo":250,"label":"Combat pistol"},{"name":"WEAPON_STUNGUN","ammo":250,"label":"Elchockpistol"},{"name":"WEAPON_FLASHLIGHT","ammo":0,"label":"Ficklampa"}]', '{"y":-1008.6,"x":406.0,"z":29.3}', 765, 0, 'superadmin', '[{"name":"hunger","val":783200,"percent":78.32},{"name":"thirst","val":839350,"percent":83.935}]', 'Pelle', 'Jönsson', '1988-03-18', 'Man', '195', 0, 'no', 'no', 'no', '{}', 0, NULL, 87302),
	('steam:11000010e41b873', 'license:239a2addb1ec5e68a720c39f7ec4eea2d6102609', 0, 'Parazs Romano✪', '{"age_2":0,"beard_3":0,"pants_2":0,"watches_2":0,"shoes_2":4,"age_1":0,"makeup_1":6,"skin":8,"lipstick_3":0,"hair_color_2":10,"mask_1":0,"helmet_1":-1,"beard_4":0,"chain_1":0,"makeup_4":0,"hair_1":3,"glasses_1":0,"ears_1":20,"hair_2":0,"bproof_2":0,"lipstick_2":0,"bracelets_1":-1,"face":42,"makeup_3":0,"tshirt_1":15,"watches_1":-1,"helmet_2":0,"tshirt_2":0,"shoes_1":31,"eyebrows_3":0,"decals_1":0,"chain_2":0,"arms":0,"hair_color_1":0,"eyebrows_4":0,"lipstick_1":0,"bags_2":0,"bracelets_2":0,"sex":0,"decals_2":0,"ears_2":0,"eyebrows_1":12,"mask_2":0,"pants_1":43,"glasses_2":0,"eyebrows_2":10,"beard_1":16,"torso_1":154,"torso_2":0,"bproof_1":0,"makeup_2":6,"beard_2":10,"lipstick_4":0,"bags_1":0}', 'mecano', 0, '[]', '{"z":26.730239868164,"x":-44.667213439941,"y":-1085.3403320313}', 295, 4, 'superadmin', '[{"name":"hunger","percent":37.27,"val":372700},{"name":"thirst","percent":52.9525,"val":529525}]', 'Danilo', 'Romano', '1990609', 'Man', '195', 0, 'no', 'no', 'no', '{}', 0, NULL, 73943),
	('steam:110000117a8d3e4', 'license:ac5d9da7f2edff3013bc8b9a6c9dca1182101a9f', 0, '✪Perex', '{"age_2":0,"beard_3":5,"sex":0,"watches_2":0,"shoes_2":3,"age_1":0,"makeup_1":0,"skin":3,"lipstick_3":0,"chain_2":0,"mask_1":0,"helmet_1":20,"pants_1":86,"chain_1":0,"makeup_4":0,"torso_2":2,"hair_color_2":0,"ears_1":-1,"pants_2":2,"decals_1":0,"lipstick_2":0,"bracelets_1":-1,"face":0,"bproof_2":0,"glasses_1":3,"watches_1":-1,"helmet_2":0,"tshirt_2":0,"shoes_1":7,"arms":14,"hair_color_1":3,"hair_2":0,"lipstick_4":0,"eyebrows_3":0,"eyebrows_4":0,"lipstick_1":0,"bags_2":0,"beard_1":5,"hair_1":14,"decals_2":0,"ears_2":0,"bracelets_2":0,"beard_4":0,"torso_1":221,"glasses_2":4,"eyebrows_2":4,"mask_2":0,"eyebrows_1":1,"makeup_3":0,"bproof_1":0,"makeup_2":0,"beard_2":2,"tshirt_1":15,"bags_1":0}', 'cardealer', 3, '[]', '{"z":106.28687286377,"x":247.25714111328,"y":216.0041809082}', 135, 4, 'superadmin', '[{"name":"hunger","percent":10.58,"val":105800},{"name":"thirst","percent":32.935,"val":329350}]', 'Ferduz', 'Kamel', '1990-01-19', 'Man', '185', 0, 'no', 'no', 'no', '{}', 0, NULL, 56216),
	('steam:11000010cfda651', 'license:c3a1edab2c6a27e8781fb870ed567cd807174623', 0, 'Magedoo', '{"age_2":0,"beard_3":0,"sex":0,"watches_2":0,"shoes_2":0,"age_1":0,"arms":1,"hair_2":0,"lipstick_3":0,"hair_color_2":0,"mask_1":0,"helmet_1":-1,"beard_4":0,"chain_1":1,"makeup_4":0,"torso_1":256,"ears_2":0,"ears_1":-1,"mask_2":0,"decals_1":0,"lipstick_2":0,"bracelets_1":-1,"face":0,"beard_2":0,"beard_1":0,"watches_1":-1,"helmet_2":0,"tshirt_2":0,"shoes_1":31,"makeup_3":0,"bproof_1":0,"bracelets_2":0,"makeup_1":0,"pants_2":0,"eyebrows_4":0,"lipstick_1":0,"bags_2":0,"glasses_1":20,"tshirt_1":3,"decals_2":0,"hair_1":14,"eyebrows_1":0,"hair_color_1":0,"torso_2":0,"glasses_2":0,"eyebrows_2":1,"bproof_2":0,"skin":14,"chain_2":0,"pants_1":41,"makeup_2":0,"eyebrows_3":0,"lipstick_4":0,"bags_1":0}', 'mecano', 0, '[]', '{"z":30.807916641235,"x":218.57551574707,"y":-780.25024414063}', 175, 0, 'user', '[{"name":"hunger","percent":32.54,"val":325400},{"name":"thirst","percent":49.405,"val":494050}]', 'Alex', 'Ian', '19940521', 'Man', '178', 0, 'no', 'no', 'no', '{}', 0, NULL, 18226),
	('steam:11000011b7fc75b', 'license:3c211335781c89c20e5d93adcd7e3ea194822c32', 26, 'Shrek', '{"chain_1":0,"bags_1":0,"beard_1":7,"hair_1":18,"makeup_1":0,"decals_1":0,"bracelets_1":-1,"sex":0,"helmet_1":76,"age_2":0,"bproof_2":0,"glasses_1":5,"ears_2":0,"makeup_3":0,"hair_2":3,"pants_1":97,"bracelets_2":0,"face":0,"torso_1":200,"eyebrows_4":0,"shoes_2":0,"bags_2":0,"pants_2":16,"mask_2":0,"ears_1":-1,"watches_2":0,"lipstick_1":0,"lipstick_2":0,"hair_color_1":3,"helmet_2":7,"torso_2":24,"lipstick_4":0,"tshirt_1":15,"glasses_2":1,"skin":8,"shoes_1":24,"glasses":0,"tshirt_2":0,"lipstick_3":0,"beard_2":10,"decals_2":0,"age_1":0,"watches_1":3,"eyebrows_1":1,"eyebrows_2":4,"beard_3":0,"makeup_4":0,"bproof_1":0,"chain_2":0,"eyebrows_3":0,"mask_1":0,"beard_4":0,"arms":31,"hair_color_2":0,"makeup_2":0}', 'mecano', 3, '[]', '{"x":59.187393188477,"y":-1064.0225830078,"z":29.417688369751}', 3245, 0, 'user', '[{"name":"hunger","percent":37.21,"val":372100},{"name":"thirst","percent":42.365,"val":423650}]', 'Andreas', 'Karlsson', '1988-02-05', 'Man', '187', 0, 'yes', 'no', 'yes', '{}', 0, NULL, 42799),
	('steam:110000114093c56', 'license:12b49c6e70bfac4b1e52fb274a7b48f1d3f940f8', 0, 'Kalanakymaksi', '{"age_2":0,"beard_3":0,"pants_2":0,"watches_2":0,"shoes_2":0,"age_1":0,"arms":3,"hair_2":0,"lipstick_3":0,"glasses_1":5,"mask_1":0,"helmet_1":-1,"pants_1":10,"chain_1":0,"makeup_4":0,"chain_2":0,"eyebrows_3":0,"ears_1":-1,"bproof_1":0,"decals_1":0,"lipstick_2":0,"bracelets_1":-1,"face":0,"mask_2":0,"tshirt_1":21,"watches_1":6,"helmet_2":0,"tshirt_2":0,"shoes_1":10,"torso_2":0,"eyebrows_1":2,"ears_2":0,"bproof_2":0,"bracelets_2":0,"eyebrows_4":0,"lipstick_1":0,"bags_2":0,"sex":0,"beard_4":0,"decals_2":0,"hair_1":3,"hair_color_1":0,"makeup_3":0,"hair_color_2":0,"glasses_2":6,"eyebrows_2":10,"beard_1":10,"torso_1":29,"makeup_1":0,"skin":3,"makeup_2":0,"beard_2":10,"lipstick_4":0,"bags_1":0}', 'slaughterer', 0, '[]', '{"y":-1030.4775390625,"z":28.869403839111,"x":193.45741271973}', 405, 0, 'user', '[{"percent":43.59,"val":435900,"name":"hunger"},{"percent":57.6925,"val":576925,"name":"thirst"}]', 'Josef', 'Bath', '1980012011', 'Man', '185', 0, 'no', 'no', 'no', '{}', 0, NULL, 23257),
	('steam:1100001014c0f32', 'license:99d095a5e748b02d83b4893a51bc9d52382d5eb5', 207, 'Sir Nallen', '{"age_2":0,"beard_3":5,"sex":0,"watches_2":0,"shoes_2":0,"age_1":0,"makeup_1":0,"hair_2":3,"lipstick_3":0,"hair_color_2":6,"mask_1":0,"helmet_1":-1,"beard_4":1,"chain_1":0,"makeup_4":0,"glasses_1":0,"ears_2":0,"ears_1":-1,"pants_2":0,"decals_1":0,"lipstick_2":0,"bracelets_1":-1,"face":1,"makeup_3":0,"beard_2":10,"watches_1":-1,"helmet_2":0,"tshirt_2":0,"shoes_1":1,"bracelets_2":0,"bproof_2":0,"skin":0,"mask_2":0,"pants_1":0,"eyebrows_4":0,"lipstick_1":0,"bags_2":0,"torso_2":0,"bproof_1":0,"decals_2":0,"hair_1":3,"torso_1":27,"eyebrows_1":0,"beard_1":11,"glasses_2":0,"eyebrows_2":0,"tshirt_1":3,"chain_2":0,"hair_color_1":20,"arms":0,"makeup_2":0,"eyebrows_3":0,"lipstick_4":0,"bags_1":0}', 'ambulance', 3, '[]', '{"x":-491.4,"y":-343.5,"z":34.4}', 2632, 0, 'user', '[{"percent":64.71,"val":647100,"name":"hunger"},{"percent":82.8625,"val":828625,"name":"thirst"}]', 'Doc', 'Kalrsson', '19950301', 'Man', '185', 0, 'yes', 'no', 'no', '{}', 0, NULL, 24930),
	('steam:11000010d84c1d1', 'license:b3867dd078a2b0909ea7695ec7e711912dcd8e31', 0, 'lille gubbe boi', '{"age_2":0,"beard_3":0,"pants_2":0,"watches_2":0,"shoes_2":0,"age_1":0,"makeup_1":0,"skin":4,"lipstick_3":0,"hair_color_2":0,"mask_1":0,"helmet_1":12,"pants_1":23,"chain_1":0,"mask_2":0,"hair_2":0,"beard_4":0,"ears_1":-1,"beard_1":1,"decals_1":0,"lipstick_2":0,"bracelets_1":-1,"face":4,"makeup_3":0,"eyebrows_3":0,"watches_1":-1,"helmet_2":0,"tshirt_2":0,"shoes_1":1,"bproof_2":0,"glasses_1":20,"sex":0,"chain_2":0,"arms":0,"eyebrows_4":0,"lipstick_1":0,"bags_2":0,"bracelets_2":0,"bproof_1":0,"decals_2":0,"ears_2":0,"eyebrows_1":0,"torso_1":90,"hair_1":15,"glasses_2":0,"eyebrows_2":6,"hair_color_1":0,"makeup_4":0,"lipstick_4":0,"torso_2":0,"makeup_2":0,"beard_2":6,"tshirt_1":3,"bags_1":0}', 'slaughterer', 0, '[]', '{"y":-752.27416992188,"z":33.968532562256,"x":-335.95645141602}', 280, 0, 'user', '[{"percent":27.87,"val":278700,"name":"hunger"},{"percent":45.9025,"val":459025,"name":"thirst"}]', 'Valle', 'Andersson', '1988/08/29', 'Man', '190', 0, 'no', 'no', 'no', '{}', 0, NULL, 50111),
	('steam:11000010da0ad17', 'license:567ad7f04cebf6ff87ce6c09a3c2f0837d47df40', 56, 'Andreazz', '{"age_2":0,"beard_3":0,"pants_2":0,"watches_2":0,"shoes_2":0,"age_1":0,"arms":1,"skin":0,"lipstick_3":0,"chain_2":0,"mask_1":0,"helmet_1":-1,"pants_1":28,"chain_1":0,"mask_2":0,"hair_color_2":0,"hair_2":0,"ears_1":-1,"beard_1":0,"bproof_2":0,"lipstick_2":0,"bracelets_1":-1,"face":0,"bracelets_2":0,"sex":0,"watches_1":-1,"helmet_2":0,"tshirt_2":0,"shoes_1":10,"glasses_1":0,"decals_1":0,"beard_4":0,"makeup_3":0,"lipstick_4":0,"eyebrows_4":0,"lipstick_1":0,"bags_2":0,"makeup_4":0,"bproof_1":0,"decals_2":0,"hair_1":4,"hair_color_1":0,"torso_2":0,"eyebrows_1":0,"glasses_2":0,"eyebrows_2":0,"makeup_1":0,"eyebrows_3":0,"torso_1":30,"ears_2":0,"makeup_2":0,"beard_2":0,"tshirt_1":35,"bags_1":0}', 'bennys', 3, '[{"components":["clip_default"],"label":"Pistol","name":"WEAPON_PISTOL","ammo":151}]', '{"x":-346.2,"y":-137.6,"z":39.0}', 6620, 4, 'superadmin', '[{"name":"hunger","percent":67.56,"val":675600},{"name":"thirst","percent":19.25,"val":192500}]', 'Roger', 'Mekarn', '1955-04-23', 'Man', '192', 0, 'no', 'no', 'no', '{}', 0, NULL, 20717),
	('steam:110000117f2b3c9', 'license:4b2d1fc348fc5463a632930bf39c2705ca163ae0', 0, 'Guztafzzon', '{"age_2":0,"beard_3":0,"pants_2":0,"watches_2":0,"shoes_2":2,"age_1":0,"makeup_1":0,"hair_2":0,"lipstick_3":0,"hair_color_2":0,"mask_1":0,"helmet_1":-1,"beard_4":0,"chain_1":0,"mask_2":0,"makeup_4":0,"arms":17,"ears_1":-1,"skin":3,"bproof_2":0,"lipstick_2":0,"bracelets_1":-1,"face":44,"eyebrows_1":0,"hair_color_1":3,"watches_1":4,"helmet_2":0,"tshirt_2":0,"shoes_1":9,"torso_2":3,"ears_2":0,"decals_1":0,"bproof_1":0,"torso_1":111,"eyebrows_4":0,"lipstick_1":0,"bags_2":0,"sex":0,"eyebrows_2":10,"decals_2":0,"hair_1":21,"bracelets_2":0,"chain_2":0,"eyebrows_3":0,"glasses_2":0,"makeup_3":0,"tshirt_1":15,"pants_1":24,"glasses_1":0,"beard_1":11,"makeup_2":0,"beard_2":10,"lipstick_4":0,"bags_1":0}', 'cardealer', 0, '[]', '{"y":-1098.5054931641,"z":26.422365188599,"x":-54.661128997803}', 485, 0, 'user', '[{"percent":16.54,"val":165400,"name":"hunger"},{"percent":24.905,"val":249050,"name":"thirst"}]', 'Sebastian ', 'Larsson', '1980', 'Man', '189', 0, 'no', 'no', 'no', '{}', 0, NULL, 10420),
	('steam:11000010e17cc5d', 'license:862d851555dcadba1338526f71f0e83eebe44ec0', 0, 'Antoni Sansovino', '{"age_2":0,"beard_3":0,"pants_2":0,"watches_2":0,"shoes_2":2,"age_1":0,"makeup_1":0,"hair_2":0,"lipstick_3":0,"chain_2":2,"mask_1":0,"helmet_1":-1,"beard_4":0,"chain_1":11,"makeup_4":0,"eyebrows_1":2,"torso_2":0,"ears_1":-1,"skin":8,"decals_1":0,"lipstick_2":0,"bracelets_1":-1,"face":0,"arms":17,"eyebrows_3":0,"watches_1":-1,"helmet_2":0,"tshirt_2":0,"shoes_1":9,"beard_1":7,"lipstick_4":0,"hair_color_1":0,"bproof_1":0,"mask_2":0,"eyebrows_4":0,"lipstick_1":0,"bags_2":0,"sex":0,"bproof_2":0,"decals_2":0,"hair_1":3,"torso_1":29,"eyebrows_2":4,"ears_2":0,"glasses_2":0,"makeup_3":0,"glasses_1":0,"pants_1":28,"hair_color_2":0,"bracelets_2":0,"makeup_2":0,"beard_2":9,"tshirt_1":31,"bags_1":0}', 'unemployed', 0, '[]', '{"y":-924.9,"x":153.4,"z":30.1}', 210, 0, 'user', '[{"percent":24.83,"val":248300,"name":"hunger"},{"percent":31.1225,"val":311225,"name":"thirst"}]', 'Kashmir', 'Sansovino', '1991-02-22-0897', 'Man', '190', 0, 'yes', 'no', 'no', '{}', 0, NULL, 64643),
	('Char2:11000010e17cc5d', 'license:862d851555dcadba1338526f71f0e83eebe44ec0', 0, 'Antoni Sansovino', '{"age_2":0,"beard_3":0,"pants_2":2,"watches_2":0,"shoes_2":2,"age_1":0,"makeup_1":0,"skin":8,"lipstick_3":0,"glasses_1":0,"mask_1":0,"helmet_1":-1,"pants_1":5,"chain_1":0,"makeup_4":0,"bproof_1":0,"lipstick_4":0,"ears_1":-1,"decals_1":0,"bproof_2":0,"lipstick_2":0,"bracelets_1":-1,"face":0,"ears_2":0,"beard_4":0,"watches_1":-1,"helmet_2":0,"tshirt_2":1,"shoes_1":9,"makeup_3":0,"mask_2":0,"hair_color_1":0,"eyebrows_1":2,"hair_color_2":0,"eyebrows_4":0,"lipstick_1":0,"bags_2":0,"torso_1":88,"sex":0,"decals_2":0,"hair_1":73,"bracelets_2":0,"torso_2":8,"beard_2":9,"glasses_2":0,"eyebrows_2":4,"chain_2":0,"beard_1":11,"hair_2":0,"arms":17,"makeup_2":0,"eyebrows_3":0,"tshirt_1":76,"bags_1":0}', 'lumberjack', 0, '[]', '{"y":-878.64990234375,"z":30.492088317871,"x":222.66848754883}', 180, 0, 'user', '[{"percent":57.0,"val":570000,"name":"hunger"},{"percent":67.75,"val":677500,"name":"thirst"}]', 'Antoni ', 'Sansovino', '1991-02-22-0898', 'Man', '190', 0, 'no', 'no', 'no', '{}', 0, NULL, 37174),
	('steam:1100001154e1295', 'license:a774b90f78499d5eaaadabe0a570b1c9970c231e', 0, 'marre', '{"age_2":0,"beard_3":0,"pants_2":0,"watches_2":0,"shoes_2":0,"age_1":0,"makeup_1":0,"skin":8,"lipstick_3":0,"hair_color_2":0,"mask_1":0,"helmet_1":-1,"beard_4":0,"chain_1":0,"mask_2":0,"torso_1":31,"pants_1":24,"ears_1":-1,"bracelets_2":0,"decals_1":0,"lipstick_2":0,"bracelets_1":-1,"face":0,"eyebrows_3":0,"ears_2":0,"watches_1":6,"helmet_2":0,"tshirt_2":0,"shoes_1":10,"chain_2":0,"beard_1":11,"arms":1,"tshirt_1":31,"hair_2":0,"eyebrows_4":0,"lipstick_1":0,"bags_2":0,"makeup_4":0,"eyebrows_1":0,"decals_2":0,"hair_1":21,"torso_2":0,"bproof_2":0,"sex":0,"glasses_2":0,"makeup_3":0,"eyebrows_2":7,"glasses_1":0,"bproof_1":0,"hair_color_1":29,"makeup_2":0,"beard_2":6,"lipstick_4":0,"bags_1":0}', 'cardealer', 0, '[]', '{"z":28.865951538086,"y":-660.74792480469,"x":-1541.8900146484}', 1185, 0, 'user', '[{"val":323200,"percent":32.32,"name":"hunger"},{"val":117400,"percent":11.74,"name":"thirst"}]', 'Victor', 'Larsson', '1996-05-08', 'Man', '192', 0, 'no', 'no', 'no', '{}', 0, NULL, 88835),
	('steam:11000010f2c4a51', 'license:4d5983da7362c88e55a7d4d98fa8c6c300c613c0', 0, 'AmasoN', '{"age_2":0,"beard_3":0,"sex":0,"watches_2":0,"shoes_2":0,"age_1":0,"makeup_1":0,"skin":15,"lipstick_3":0,"glasses_1":0,"mask_1":0,"helmet_1":-1,"pants_1":24,"chain_1":19,"makeup_4":0,"lipstick_4":0,"bracelets_2":0,"ears_1":-1,"hair_color_1":0,"decals_1":0,"lipstick_2":0,"bracelets_1":-1,"face":0,"bproof_2":0,"hair_2":0,"watches_1":-1,"helmet_2":0,"tshirt_2":0,"shoes_1":10,"beard_2":10,"makeup_3":0,"chain_2":0,"bproof_1":14,"mask_2":0,"eyebrows_4":0,"lipstick_1":0,"bags_2":0,"hair_color_2":0,"hair_1":73,"decals_2":0,"ears_2":0,"eyebrows_1":2,"beard_4":0,"torso_1":29,"glasses_2":0,"eyebrows_2":10,"pants_2":0,"beard_1":13,"arms":82,"torso_2":0,"makeup_2":0,"eyebrows_3":0,"tshirt_1":31,"bags_1":0}', 'cardealer', 3, '[]', '{"x":-33.720748901367,"y":-1101.9989013672,"z":26.422346115112}', 255, 4, 'superadmin', '[{"name":"hunger","percent":57.07,"val":570700},{"name":"thirst","percent":67.8025,"val":678025}]', 'Lloyd', 'King', '1990-09-04', 'Man', '190', 0, 'no', 'no', 'no', '{}', 0, NULL, 96028),
	('steam:11000010f673004', 'license:f2a36991a9605737791286f2608f39d48af1aaf8', 0, 'GoFransson', '{"hair_1":3,"helmet_1":-1,"pants_2":0,"chain_1":0,"lipstick_1":0,"mask_2":0,"mask_1":0,"watches_2":0,"eyebrows_3":7,"tshirt_1":5,"shoes_2":0,"helmet_2":0,"ears_2":0,"torso_2":0,"makeup_2":0,"face":0,"beard_3":2,"makeup_1":0,"age_2":0,"lipstick_3":0,"arms":0,"lipstick_2":0,"bproof_2":0,"bags_2":0,"makeup_3":0,"decals_2":0,"bracelets_1":-1,"hair_color_1":0,"glasses_2":0,"skin":0,"bracelets_2":0,"tshirt_2":0,"bproof_1":0,"eyebrows_4":8,"ears_1":-1,"eyebrows_1":2,"pants_1":0,"age_1":0,"watches_1":-1,"makeup_4":0,"beard_2":0,"torso_1":0,"shoes_1":0,"eyebrows_2":2,"hair_2":0,"bags_1":0,"glasses_1":0,"chain_2":0,"sex":0,"lipstick_4":0,"hair_color_2":0,"beard_4":0,"decals_1":0,"beard_1":4}', 'ambulance', 0, '[]', '{"z":30.587503433228,"y":-1406.7033691406,"x":247.99008178711}', 80, 0, 'user', '[{"val":877100,"percent":87.71,"name":"hunger"},{"val":904300,"percent":90.43,"name":"thirst"}]', 'Marcus', 'Johansson', '1994-10-31', 'Man', '185', 0, 'no', 'no', 'no', '{}', 0, NULL, 37358),
	('steam:11000011b49bddc', 'license:4843c0238baaef1fa1ae0550efbba55be17dd78a', 14, 'Keebab', '{"glasses_1":0,"bags_1":0,"beard_1":11,"hair_1":19,"beard_2":10,"decals_1":0,"bracelets_1":-1,"sex":0,"helmet_1":-1,"age_2":0,"bproof_2":0,"chain_1":0,"makeup_1":0,"eyebrows_3":0,"hair_2":0,"decals_2":0,"makeup_2":0,"eyebrows_2":10,"eyebrows_4":0,"glasses":0,"beard_3":0,"bags_2":0,"bracelets_2":0,"torso_2":0,"ears_1":-1,"watches_2":0,"lipstick_1":0,"lipstick_2":0,"hair_color_1":2,"helmet_2":0,"torso_1":146,"lipstick_4":0,"tshirt_1":59,"mask_2":0,"bproof_1":0,"shoes_1":27,"lipstick_3":0,"tshirt_2":1,"hair_color_2":58,"makeup_4":0,"pants_1":97,"skin":5,"watches_1":-1,"glasses_2":0,"ears_2":0,"pants_2":16,"face":44,"age_1":0,"chain_2":0,"makeup_3":0,"mask_1":0,"beard_4":0,"arms":41,"shoes_2":0,"eyebrows_1":2}', 'mecano', 4, '[]', '{"x":259.03997802734,"y":218.92755126953,"z":106.28623962402}', 3940, 0, 'user', '[{"name":"hunger","percent":54.4,"val":544000},{"name":"thirst","percent":55.8,"val":558000}]', 'Göran', 'Larsson', '1990-03-30', 'Man', '187', 0, 'yes', 'no', 'yes', '{}', 0, NULL, 98964),
	('steam:110000136e66411', 'license:e0be07d430de172c53afb20f99f47334918b0bd3', 0, 'Korv utan Ketchup', '{"hair_1":14,"helmet_1":-1,"pants_2":0,"eyebrows_4":0,"lipstick_1":0,"mask_2":0,"bracelets_2":0,"watches_2":0,"hair_color_2":0,"tshirt_1":31,"shoes_2":0,"hair_color_1":0,"ears_2":0,"torso_2":0,"makeup_2":0,"face":0,"beard_3":0,"makeup_1":0,"age_2":0,"lipstick_3":0,"arms":17,"lipstick_2":0,"bproof_2":1,"bags_2":0,"makeup_3":0,"decals_2":0,"bracelets_1":-1,"lipstick_4":0,"glasses_2":0,"skin":3,"chain_2":2,"shoes_1":21,"bproof_1":7,"chain_1":11,"ears_1":-1,"eyebrows_1":0,"age_1":0,"glasses_1":0,"helmet_2":0,"torso_1":31,"watches_1":-1,"mask_1":0,"tshirt_2":0,"makeup_4":0,"sex":0,"bags_1":0,"pants_1":24,"hair_2":0,"beard_2":10,"eyebrows_2":0,"eyebrows_3":0,"beard_4":0,"decals_1":0,"beard_1":10}', 'lumberjack', 0, '[]', '{"z":36.63423538208,"x":645.12554931641,"y":-1014.2694091797}', 0, 0, 'user', '[{"name":"hunger","percent":60.27,"val":602700},{"name":"thirst","percent":70.2025,"val":702025}]', 'Arvid', 'Svennberg', '20040718', 'Man', '187', 0, 'no', 'no', 'no', '{}', 0, NULL, 10802),
	('steam:1100001053fa0b2', 'license:d7e2e6a935622fdadd4890d9e4ba043a7b6161f7', 129, 'oggedoggE', '{"hair_1":7,"helmet_1":-1,"pants_2":2,"chain_1":0,"lipstick_1":0,"mask_2":0,"bracelets_2":0,"watches_2":0,"eyebrows_3":0,"tshirt_1":2,"shoes_2":0,"helmet_2":0,"ears_2":0,"torso_2":3,"makeup_2":0,"face":44,"beard_3":0,"makeup_1":0,"age_2":0,"lipstick_3":0,"arms":0,"lipstick_2":0,"bproof_2":0,"bags_2":0,"torso_1":86,"decals_2":0,"bracelets_1":-1,"makeup_3":0,"glasses_2":0,"skin":4,"tshirt_2":0,"chain_2":0,"beard_1":10,"watches_1":-1,"ears_1":-1,"makeup_4":0,"eyebrows_4":0,"age_1":0,"shoes_1":1,"hair_color_1":0,"bproof_1":0,"glasses_1":0,"hair_color_2":0,"hair_2":0,"mask_1":0,"bags_1":0,"eyebrows_1":0,"lipstick_4":0,"sex":0,"eyebrows_2":0,"beard_2":10,"beard_4":0,"decals_1":0,"pants_1":5}', 'bennys', 3, '[]', '{"x":-212.5,"y":-1328.9,"z":30.9}', 5364, 0, 'user', '[{"percent":92.93,"val":929300,"name":"hunger"},{"percent":95.08,"val":950800,"name":"thirst"}]', 'Leifi', 'Plomeros', '1978-08-03', 'Man', '178', 0, 'yes', 'no', 'no', '{}', 0, NULL, 44008),
	('steam:1100001186575b4', 'license:bd0271c5451c0e47b442be3af0dccfdec036d62b', 0, '.', '{"hair_1":21,"helmet_1":-1,"pants_2":7,"eyebrows_4":0,"lipstick_1":0,"mask_2":0,"bracelets_2":0,"watches_2":0,"hair_color_2":0,"tshirt_1":3,"shoes_2":2,"helmet_2":0,"bproof_1":0,"torso_2":0,"makeup_2":0,"face":0,"beard_3":0,"makeup_1":0,"age_2":0,"lipstick_3":0,"arms":17,"lipstick_2":0,"bproof_2":0,"tshirt_2":0,"torso_1":50,"decals_2":0,"bracelets_1":-1,"age_1":0,"glasses_2":0,"skin":3,"beard_2":0,"glasses_1":0,"pants_1":9,"ears_2":0,"ears_1":-1,"shoes_1":7,"makeup_3":0,"chain_2":0,"eyebrows_2":0,"bags_2":0,"makeup_4":0,"watches_1":-1,"eyebrows_3":0,"mask_1":0,"hair_color_1":0,"bags_1":0,"chain_1":0,"hair_2":0,"sex":0,"lipstick_4":0,"eyebrows_1":0,"beard_4":0,"decals_1":0,"beard_1":0}', 'unemployed', 0, '[]', '{"y":-975.6,"x":417.1,"z":29.4}', 540, 0, 'user', '[{"name":"hunger","val":302900,"percent":30.29},{"name":"thirst","val":179675,"percent":17.9675}]', 'Daniel ', 'Adams', '1990-04-29', 'Man', '190', 0, 'yes', 'no', 'no', '{}', 0, NULL, 57848),
	('steam:110000118327047', 'license:bf78820dc2a2a7063ddc097e5b55029f36baac09', 0, '[수탉] Alexxd', '{"glasses_1":0,"bracelets_1":-1,"arms":0,"age_2":0,"beard_3":0,"makeup_4":0,"eyebrows_3":0,"decals_1":0,"bproof_1":0,"lipstick_3":0,"eyebrows_1":28,"beard_1":7,"eyebrows_4":0,"pants_1":69,"lipstick_2":0,"lipstick_4":0,"decals_2":0,"face":0,"makeup_1":0,"beard_2":10,"makeup_2":0,"lipstick_1":0,"makeup_3":0,"chain_1":0,"beard_4":8,"bracelets_2":0,"shoes_1":75,"torso_1":200,"helmet_1":-1,"shoes_2":19,"tshirt_1":15,"chain_2":0,"glasses_2":0,"hair_1":14,"watches_1":-1,"helmet_2":0,"hair_color_2":26,"age_1":0,"pants_2":0,"watches_2":0,"sex":0,"bproof_2":0,"bags_1":0,"eyebrows_2":10,"hair_2":4,"torso_2":2,"mask_1":0,"ears_2":0,"bags_2":0,"mask_2":0,"ears_1":-1,"tshirt_2":0,"skin":36,"hair_color_1":0}', 'unemployed', 0, '[]', '{"z":103.06354522705,"x":385.36892700195,"y":290.48754882813}', 105, 0, 'user', '[{"name":"hunger","percent":75.14,"val":751400},{"name":"thirst","percent":81.355,"val":813550}]', 'Kazku', 'Kamel', '1995-02-05', 'Man', '187', 0, 'no', 'no', 'no', '{}', 0, NULL, 69672),
	('steam:110000134a88ca8', 'license:2efce16c20b46cba251229dc874aa2a00d059e86', 5, 'Tintin ♛', '{"glasses_1":3,"shoes_1":0,"arms":4,"age_2":0,"beard_3":0,"makeup_4":0,"makeup_1":0,"watches_1":-1,"sex":0,"lipstick_3":0,"eyebrows_1":0,"beard_1":5,"eyebrows_4":0,"mask_1":0,"ears_1":-1,"bags_1":0,"decals_2":0,"lipstick_1":0,"lipstick_4":0,"beard_2":10,"lipstick_2":0,"mask_2":0,"face":0,"bproof_2":0,"beard_4":0,"watches_2":0,"makeup_2":0,"decals_1":0,"helmet_1":-1,"shoes_2":10,"tshirt_1":15,"torso_1":229,"glasses_2":0,"chain_1":0,"makeup_3":0,"helmet_2":0,"bproof_1":0,"age_1":0,"pants_2":0,"bags_2":0,"bracelets_2":0,"eyebrows_2":10,"bracelets_1":-1,"pants_1":79,"hair_2":0,"torso_2":0,"hair_1":14,"ears_2":0,"eyebrows_3":0,"chain_2":0,"hair_color_1":0,"tshirt_2":0,"skin":3,"hair_color_2":0}', 'unemployed', 0, '[]', '{"z":14.13481426239,"x":-1174.4997558594,"y":-872.66088867188}', 30, 0, 'user', '[{"name":"hunger","percent":82.69,"val":826900},{"name":"thirst","percent":87.0175,"val":870175}]', 'Anas', 'Kamel', '1995-04-16', 'Man', '189', 0, 'no', 'no', 'no', '{}', 0, NULL, 50569),
	('steam:11000010a79f3aa', 'license:deaa6104d91d84973d6568038ec44776506f345c', 0, 'HamiltoN', '{"glasses_1":0,"face":2,"beard_1":10,"hair_1":57,"makeup_3":0,"decals_1":0,"bracelets_1":-1,"bracelets_2":0,"shoes_2":2,"age_2":0,"bproof_2":0,"eyebrows_1":9,"chain_1":17,"hair_2":0,"bags_1":0,"torso_2":0,"decals_2":0,"torso_1":50,"makeup_2":0,"lipstick_4":0,"bags_2":0,"age_1":0,"beard_2":10,"ears_1":-1,"watches_2":0,"lipstick_1":0,"lipstick_2":0,"hair_color_1":0,"beard_3":0,"chain_2":0,"pants_2":2,"tshirt_1":15,"glasses_2":0,"skin":8,"shoes_1":8,"lipstick_3":0,"tshirt_2":0,"hair_color_2":29,"bproof_1":0,"eyebrows_4":0,"helmet_1":-1,"watches_1":6,"makeup_4":0,"eyebrows_2":10,"makeup_1":0,"sex":0,"eyebrows_3":0,"mask_2":0,"helmet_2":0,"mask_1":0,"beard_4":0,"arms":22,"ears_2":0,"pants_1":5}', 'slaughterer', 0, '[]', '{"x":711.8,"y":-1071.4,"z":21.9}', 120, 0, 'user', '[{"val":864500,"percent":86.45,"name":"hunger"},{"val":898375,"percent":89.8375,"name":"thirst"}]', 'Jason', 'Walker', '1989-10-10', 'Man', '198', 0, 'no', 'no', 'no', '{}', 0, NULL, 86788),
	('steam:110000116f9d5a5', 'license:008f649a2403758fe1b668ff38d295e2b92a586f', 0, 'Nero Lucius Domitius Ahenobarbus', '{"glasses_1":7,"bags_1":0,"beard_1":3,"age_1":0,"makeup_3":0,"decals_1":0,"bracelets_1":-1,"sex":0,"shoes_2":22,"age_2":0,"bproof_2":0,"eyebrows_4":0,"face":0,"hair_2":0,"decals_2":0,"hair_color_2":0,"ears_1":-1,"torso_1":261,"eyebrows_3":0,"bracelets_2":0,"bags_2":0,"makeup_1":0,"pants_1":78,"glasses_2":0,"watches_2":0,"lipstick_1":0,"lipstick_2":0,"hair_color_1":3,"beard_3":0,"helmet_1":130,"pants_2":5,"tshirt_1":135,"eyebrows_1":0,"bproof_1":0,"shoes_1":75,"lipstick_3":0,"tshirt_2":12,"hair_1":33,"helmet_2":17,"skin":5,"chain_2":0,"chain_1":0,"lipstick_4":0,"ears_2":0,"eyebrows_2":10,"watches_1":-1,"makeup_4":0,"mask_2":0,"beard_2":10,"mask_1":0,"beard_4":0,"arms":4,"torso_2":8,"makeup_2":0}', 'slaughterer', 0, '[]', '{"z":30.492088317871,"y":-877.14825439453,"x":233.34245300293}', 330, 0, 'user', '[{"val":567500,"percent":56.75,"name":"hunger"},{"val":675625,"percent":67.5625,"name":"thirst"}]', 'David', 'Lynch', '1990/08/01', 'Man', '180', 0, 'no', 'no', 'no', '{}', 0, NULL, 30604),
	('steam:110000109a83943', 'license:36a2a7c7183ce48ae51982e1772315c6aff8fe7f', 150, 'cyka nyat', '{"tshirt_1":15,"eyebrows_4":0,"arms":0,"eyebrows_2":10,"torso_1":134,"bproof_1":0,"ears_1":-1,"eyebrows_1":0,"tshirt_2":0,"makeup_2":0,"hair_2":0,"beard_1":11,"watches_1":-1,"skin":15,"hair_1":37,"makeup_1":0,"shoes_1":23,"mask_1":0,"helmet_1":-1,"lipstick_2":0,"bproof_2":0,"sex":0,"decals_1":0,"bracelets_2":0,"age_1":0,"lipstick_3":0,"makeup_4":0,"mask_2":0,"bags_2":0,"lipstick_4":0,"pants_2":0,"eyebrows_3":0,"helmet_2":0,"face":0,"decals_2":0,"hair_color_2":0,"beard_4":0,"chain_1":0,"glasses_1":5,"shoes_2":1,"torso_2":0,"beard_3":0,"pants_1":45,"chain_2":0,"makeup_3":0,"age_2":0,"glasses_2":0,"watches_2":0,"beard_2":10,"lipstick_1":0,"ears_2":0,"bags_1":0,"bracelets_1":-1,"hair_color_1":0}', 'taxi', 4, '[{"components":["clip_default"],"ammo":243,"name":"WEAPON_PISTOL","label":"Pistol"}]', '{"x":-1066.6,"z":37.6,"y":-376.0}', 750, 0, 'user', '[{"name":"hunger","percent":49.93,"val":499300},{"name":"thirst","percent":49.9475,"val":499475}]', 'Abou', 'Petrovic', '1983-08-04', 'Man', '184', 0, 'no', 'no', 'no', '{}', 0, NULL, 95421),
	('steam:11000010bed4eaa', 'license:4c23f7ac1f1792ab45fd520332f934b1752d12ac', 0, 'Taze CSGOgamdom.com', '{"tshirt_1":15,"eyebrows_4":0,"arms":15,"lipstick_1":0,"torso_1":15,"bproof_1":0,"ears_1":-1,"eyebrows_1":0,"tshirt_2":0,"makeup_2":0,"beard_3":0,"lipstick_3":0,"glasses_2":0,"chain_2":1,"shoes_2":0,"makeup_1":0,"shoes_1":8,"mask_1":0,"beard_2":10,"lipstick_2":0,"bproof_2":0,"sex":0,"decals_1":0,"bracelets_2":0,"age_1":0,"mask_2":0,"makeup_4":0,"hair_1":14,"bags_2":0,"makeup_3":0,"pants_2":5,"eyebrows_3":0,"helmet_2":0,"lipstick_4":0,"decals_2":0,"hair_color_2":53,"bags_1":44,"chain_1":90,"hair_2":0,"glasses_1":0,"torso_2":0,"beard_1":10,"pants_1":5,"beard_4":0,"eyebrows_2":10,"age_2":0,"face":0,"watches_2":0,"helmet_1":-1,"ears_2":0,"watches_1":-1,"skin":3,"bracelets_1":-1,"hair_color_1":0}', 'miner', 0, '[]', '{"z":43.4,"x":2963.1,"y":2746.3}', -1935, 0, 'user', '[{"percent":87.83,"val":878300,"name":"hunger"},{"percent":90.8725,"val":908725,"name":"thirst"}]', 'Carlos', 'Elvante', '1983-07-03', 'Man', '198', 0, 'no', 'no', 'no', '{}', 0, NULL, 76997),
	('steam:110000107100940', 'license:b0bbd46f955818a70edca1b690bd44a7c0152fa3', 0, 'Ogge', '{"tshirt_1":15,"eyebrows_4":0,"arms":0,"glasses_1":18,"eyebrows_3":0,"bproof_1":0,"ears_2":0,"eyebrows_1":0,"tshirt_2":0,"makeup_2":0,"hair_2":0,"lipstick_4":0,"watches_1":-1,"chain_2":0,"shoes_2":2,"makeup_1":0,"shoes_1":7,"mask_1":0,"lipstick_3":0,"lipstick_2":0,"bproof_2":0,"sex":0,"decals_1":0,"bracelets_2":0,"age_1":0,"beard_2":10,"makeup_4":0,"lipstick_1":0,"bags_2":0,"beard_3":0,"pants_2":4,"eyebrows_2":10,"helmet_2":0,"glasses_2":0,"decals_2":0,"hair_color_2":0,"face":1,"chain_1":0,"skin":2,"hair_1":73,"torso_2":3,"ears_1":-1,"pants_1":64,"torso_1":121,"mask_2":0,"bags_1":0,"beard_4":0,"watches_2":0,"helmet_1":-1,"beard_1":3,"makeup_3":0,"age_2":0,"bracelets_1":-1,"hair_color_1":0}', 'unemployed', 0, NULL, NULL, 15, 0, 'user', NULL, 'Tyrone ', 'Deshawn', '2000-01-19', 'Man', '183', 0, 'no', 'no', 'no', '{}', 0, NULL, 63912),
	('steam:110000106229b86', 'license:91f409c333779c17fac53ec00af17c9542fa4f09', 0, 'vaiN |', '{"makeup_3":0,"ears_2":0,"bags_1":0,"mask_2":0,"hair_color_2":0,"shoes_2":0,"age_2":0,"glasses_1":0,"lipstick_3":0,"chain_2":0,"bproof_2":0,"decals_1":0,"beard_4":0,"sex":0,"decals_2":0,"chain_1":0,"beard_1":10,"bags_2":0,"lipstick_2":0,"watches_1":-1,"eyebrows_4":0,"eyebrows_2":10,"glasses_2":0,"face":0,"torso_2":0,"helmet_2":0,"eyebrows_1":0,"makeup_2":0,"bproof_1":0,"hair_color_1":0,"beard_2":10,"torso_1":53,"shoes_1":1,"pants_2":9,"ears_1":-1,"pants_1":59,"hair_2":4,"age_1":0,"watches_2":0,"helmet_1":-1,"arms":20,"hair_1":19,"bracelets_2":0,"mask_1":0,"makeup_1":0,"makeup_4":0,"lipstick_4":0,"bracelets_1":-1,"lipstick_1":0,"skin":0,"eyebrows_3":0,"tshirt_2":0,"beard_3":0,"tshirt_1":2}', 'unemployed', 0, '[]', '{"z":66.5,"x":1154.5,"y":-371.4}', 30, 0, 'user', '[{"percent":88.3,"val":883000,"name":"hunger"},{"percent":91.225,"val":912250,"name":"thirst"}]', 'Johan ', 'Petersson', '19950530', 'Man', '182', 0, 'no', 'no', 'no', '{}', 0, NULL, 11348),
	('steam:110000103cf90e3', 'license:ac0c3c5e56b55d8d0553ef825bd2a321dd02373a', 0, 'Kevin', '{"makeup_3":0,"ears_2":0,"bags_1":0,"mask_2":0,"hair_color_2":0,"shoes_2":1,"beard_3":0,"beard_2":10,"lipstick_3":0,"chain_2":0,"bproof_2":0,"decals_1":0,"bracelets_1":-1,"sex":0,"decals_2":0,"chain_1":0,"beard_1":5,"tshirt_1":10,"lipstick_4":0,"watches_1":-1,"hair_color_1":0,"eyebrows_2":10,"glasses_2":0,"eyebrows_1":0,"torso_2":0,"torso_1":28,"skin":0,"makeup_2":0,"face":0,"eyebrows_4":0,"lipstick_2":0,"shoes_1":4,"bags_2":0,"ears_1":0,"age_2":0,"helmet_2":0,"hair_2":0,"age_1":0,"watches_2":0,"pants_1":13,"pants_2":0,"hair_1":19,"bracelets_2":0,"mask_1":0,"makeup_1":0,"makeup_4":0,"helmet_1":-1,"bproof_1":0,"lipstick_1":0,"arms":1,"eyebrows_3":0,"tshirt_2":0,"beard_4":0,"glasses_1":7}', 'unemployed', 0, '[]', '{"x":1147.6,"y":-979.5,"z":46.3}', 45, 0, 'user', '[{"name":"hunger","percent":88.68,"val":886800},{"name":"thirst","percent":91.51,"val":915100}]', 'Kevin', 'Olsson', '1990-04-25', 'Man', '192', 0, 'no', 'no', 'no', '{}', 0, NULL, 61405),
	('steam:11000010003637e', 'license:04d595724787e20e4299af8aa82404ce1323517d', 0, 'Sarno h1z1hunt.com', NULL, 'unemployed', 0, '[]', '{"z":30.7,"y":-908.3,"x":215.7}', 30, 0, 'user', '[{"val":966500,"name":"hunger","percent":96.65},{"val":974875,"name":"thirst","percent":97.4875}]', 'Kodjo', 'Petrovic', '1998-06-15', 'Man', '185', 0, 'no', 'no', 'no', '{}', 0, NULL, 62649230),
	('steam:11000010b797c96', 'license:38cf63808ee636226d4502d26e6142cd0c898d56', 0, 'Antisaft', '{"age_2":0,"tshirt_1":23,"glasses_1":0,"skin":0,"arms":4,"chain_2":0,"ears_1":-1,"beard_3":0,"decals_2":0,"makeup_1":0,"torso_1":192,"eyebrows_1":0,"lipstick_4":0,"eyebrows_2":0,"shoes_2":1,"glasses_2":0,"hair_color_2":12,"shoes_1":4,"helmet_2":0,"watches_1":-1,"hair_1":11,"pants_2":0,"watches_2":0,"pants_1":4,"lipstick_3":0,"eyebrows_4":0,"makeup_3":0,"helmet_1":-1,"face":8,"sex":0,"bags_1":0,"makeup_2":0,"eyebrows_3":0,"tshirt_2":1,"hair_2":0,"hair_color_1":3,"chain_1":0,"ears_2":0,"bracelets_2":0,"bracelets_1":-1,"beard_4":0,"beard_1":2,"mask_2":0,"bags_2":0,"decals_1":0,"lipstick_2":0,"age_1":0,"lipstick_1":0,"torso_2":1,"beard_2":10,"bproof_1":0,"makeup_4":0,"mask_1":0,"bproof_2":0}', 'unemployed', 0, '[]', '{"x":2161.9,"y":4773.2,"z":41.2}', 60, 0, 'user', '[{"percent":84.62,"val":846200,"name":"hunger"},{"percent":88.465,"val":884650,"name":"thirst"}]', 'Sven', 'Andersson', '1983-01-04', 'Man', '188', 0, 'no', 'no', 'no', '{}', 0, NULL, 56216735),
	('steam:11000010bf0ba8a', 'license:a042214386b78d5cf8427852681828916d94339f', 0, 'Päron <3', '{"age_2":0,"tshirt_1":8,"glasses_1":0,"bags_1":0,"arms":0,"chain_2":0,"ears_1":-1,"beard_3":0,"sex":0,"pants_1":5,"torso_1":35,"eyebrows_1":0,"lipstick_4":0,"decals_2":0,"shoes_2":0,"ears_2":0,"hair_color_1":0,"shoes_1":7,"helmet_2":0,"watches_1":-1,"watches_2":0,"beard_1":8,"skin":0,"bracelets_2":0,"lipstick_3":0,"glasses_2":0,"makeup_3":0,"bproof_1":0,"mask_2":0,"bproof_2":0,"bags_2":0,"face":0,"eyebrows_3":0,"tshirt_2":0,"hair_2":0,"eyebrows_2":0,"chain_1":0,"decals_1":0,"eyebrows_4":0,"bracelets_1":-1,"beard_4":0,"helmet_1":-1,"hair_color_2":0,"makeup_1":0,"age_1":0,"lipstick_2":0,"makeup_2":0,"hair_1":6,"torso_2":0,"beard_2":10,"mask_1":0,"makeup_4":0,"pants_2":0,"lipstick_1":0}', 'unemployed', 0, '[]', '{"x":429.8,"y":-1021.4,"z":28.9}', 15, 0, 'user', '[{"percent":97.23,"val":972300,"name":"hunger"},{"percent":97.9225,"val":979225,"name":"thirst"}]', 'Oskar', 'Svärd', '1998-12-14', 'Man', '140', 0, 'no', 'no', 'no', '{}', 0, NULL, 23257751);
/*!40000 ALTER TABLE `users` ENABLE KEYS */;

-- Dumping structure for table essentialmode.user_accounts
CREATE TABLE IF NOT EXISTS `user_accounts` (
  `id` int(11) NOT NULL AUTO_INCREMENT,
  `identifier` varchar(255) NOT NULL,
  `name` varchar(255) NOT NULL,
  `money` double NOT NULL DEFAULT '0',
  PRIMARY KEY (`id`)
) ENGINE=InnoDB AUTO_INCREMENT=43 DEFAULT CHARSET=latin1;

-- Dumping data for table essentialmode.user_accounts: ~39 rows (approximately)
/*!40000 ALTER TABLE `user_accounts` DISABLE KEYS */;
INSERT INTO `user_accounts` (`id`, `identifier`, `name`, `money`) VALUES
	(1, 'steam:11000010c6a226e', 'black_money', 0),
	(2, 'steam:1100001121385c4', 'black_money', 0),
	(3, 'steam:110000114898b97', 'black_money', 0),
	(4, 'steam:11000010a2f0ca2', 'black_money', 0),
	(5, 'steam:11000010acee315', 'black_money', 0),
	(6, 'steam:11000013466bebc', 'black_money', 0),
	(7, 'steam:110000116fa1ad3', 'black_money', 0),
	(8, 'Char1:1100001169feb5e', 'black_money', 0),
	(9, 'steam:110000103b6bb22', 'black_money', 0),
	(10, 'steam:11000010e41b873', 'black_money', 0),
	(11, 'steam:110000117a8d3e4', 'black_money', 0),
	(13, 'steam:11000010cfda651', 'black_money', 0),
	(14, 'steam:11000011b7fc75b', 'black_money', 0),
	(15, 'steam:110000114093c56', 'black_money', 0),
	(16, 'steam:1100001014c0f32', 'black_money', 0),
	(17, 'steam:11000010d84c1d1', 'black_money', 0),
	(18, 'steam:11000010da0ad17', 'black_money', 0),
	(19, 'steam:110000117f2b3c9', 'black_money', 0),
	(21, 'steam:11000010e17cc5d', 'black_money', 0),
	(22, 'Char2:11000010e17cc5d', 'black_money', 0),
	(23, 'steam:1100001154e1295', 'black_money', 0),
	(24, 'steam:11000010f2c4a51', 'black_money', 0),
	(25, 'steam:11000010f673004', 'black_money', 0),
	(26, 'steam:11000011b49bddc', 'black_money', 0),
	(27, 'steam:110000136e66411', 'black_money', 0),
	(28, 'steam:1100001053fa0b2', 'black_money', 0),
	(29, 'steam:1100001186575b4', 'black_money', 0),
	(30, 'steam:110000118327047', 'black_money', 0),
	(31, 'steam:110000134a88ca8', 'black_money', 0),
	(32, 'steam:11000010a79f3aa', 'black_money', 0),
	(33, 'steam:110000116f9d5a5', 'black_money', 0),
	(34, 'steam:110000109a83943', 'black_money', 0),
	(35, 'steam:11000010bed4eaa', 'black_money', 0),
	(36, 'steam:110000107100940', 'black_money', 0),
	(37, 'steam:110000106229b86', 'black_money', 0),
	(38, 'steam:110000103cf90e3', 'black_money', 0),
	(39, 'steam:11000010003637e', 'black_money', 0),
	(41, 'steam:11000010b797c96', 'black_money', 0),
	(42, 'steam:11000010bf0ba8a', 'black_money', 0);
/*!40000 ALTER TABLE `user_accounts` ENABLE KEYS */;

-- Dumping structure for table essentialmode.user_contacts
CREATE TABLE IF NOT EXISTS `user_contacts` (
  `id` int(11) NOT NULL AUTO_INCREMENT,
  `identifier` varchar(255) NOT NULL,
  `name` varchar(255) NOT NULL,
  `number` int(11) NOT NULL,
  PRIMARY KEY (`id`)
) ENGINE=InnoDB AUTO_INCREMENT=10 DEFAULT CHARSET=latin1;

-- Dumping data for table essentialmode.user_contacts: ~8 rows (approximately)
/*!40000 ALTER TABLE `user_contacts` DISABLE KEYS */;
INSERT INTO `user_contacts` (`id`, `identifier`, `name`, `number`) VALUES
	(1, 'steam:11000010acee315', 'Karim', 41525),
	(2, 'steam:11000010a2f0ca2', 'Linnea', 90634),
	(3, 'steam:1100001121385c4', 'Pelle', 87302),
	(4, 'steam:110000103b6bb22', 'Rofus', 62649),
	(6, 'steam:11000010f673004', 'DocCarlsson', 24930),
	(7, 'steam:1100001014c0f32', 'Marcus Johansson', 37358),
	(8, 'steam:1100001014c0f32', 'Ragge', 82784),
	(9, 'steam:11000010c6a226e', 'Doc (Chef)', 24930);
/*!40000 ALTER TABLE `user_contacts` ENABLE KEYS */;

-- Dumping structure for table essentialmode.user_inventory
CREATE TABLE IF NOT EXISTS `user_inventory` (
  `id` int(11) NOT NULL AUTO_INCREMENT,
  `identifier` varchar(255) NOT NULL,
  `item` varchar(255) NOT NULL,
  `count` int(11) NOT NULL,
  PRIMARY KEY (`id`)
) ENGINE=InnoDB AUTO_INCREMENT=2598 DEFAULT CHARSET=latin1;

-- Dumping data for table essentialmode.user_inventory: ~2,475 rows (approximately)
/*!40000 ALTER TABLE `user_inventory` DISABLE KEYS */;
INSERT INTO `user_inventory` (`id`, `identifier`, `item`, `count`) VALUES
	(1, 'steam:11000010c6a226e', 'wood', 0),
	(2, 'steam:11000010c6a226e', 'metall', 0),
	(3, 'steam:11000010c6a226e', 'leather', 0),
	(4, 'steam:11000010c6a226e', 'blindfold', 0),
	(5, 'steam:11000010c6a226e', 'anti', 0),
	(6, 'steam:11000010c6a226e', 'gym_membership', 0),
	(7, 'steam:11000010c6a226e', 'umbrella', 0),
	(8, 'steam:11000010c6a226e', 'protein_shake', 0),
	(9, 'steam:11000010c6a226e', 'medikit', 10),
	(10, 'steam:11000010c6a226e', 'policecard', 1),
	(11, 'steam:11000010c6a226e', 'sportlunch', 0),
	(12, 'steam:11000010c6a226e', 'steak', 0),
	(13, 'steam:11000010c6a226e', 'sprite', 0),
	(14, 'steam:11000010c6a226e', 'picnic', 0),
	(15, 'steam:11000010c6a226e', 'Small Bass', 0),
	(16, 'steam:11000010c6a226e', 'Pike', 0),
	(17, 'steam:11000010c6a226e', 'hamburgare', 0),
	(18, 'steam:11000010c6a226e', 'fixkit', 0),
	(19, 'steam:11000010c6a226e', 'bulletproof', 0),
	(20, 'steam:11000010c6a226e', 'bread', 0),
	(21, 'steam:11000010c6a226e', 'ogrillad', 0),
	(22, 'steam:11000010c6a226e', 'oxygen_mask', 0),
	(23, 'steam:11000010c6a226e', 'meat', 0),
	(24, 'steam:11000010c6a226e', 'Small Pike', 0),
	(25, 'steam:11000010c6a226e', 'skruvar', 0),
	(26, 'steam:11000010c6a226e', 'phoneoff', 0),
	(27, 'steam:11000010c6a226e', 'Salmon', 0),
	(28, 'steam:11000010c6a226e', 'grillad', 0),
	(29, 'steam:11000010c6a226e', 'sandwich', 0),
	(30, 'steam:11000010c6a226e', 'Big Pike', 0),
	(31, 'steam:11000010c6a226e', 'redgull', 0),
	(32, 'steam:11000010c6a226e', 'klubba', 0),
	(33, 'steam:11000010c6a226e', 'water', 0),
	(34, 'steam:11000010c6a226e', 'Big Salmon', 0),
	(35, 'steam:11000010c6a226e', 'potatis', 0),
	(36, 'steam:11000010c6a226e', 'Fishing Rod', 0),
	(37, 'steam:11000010c6a226e', 'batteri', 0),
	(38, 'steam:11000010c6a226e', 'kaffe', 0),
	(39, 'steam:11000010c6a226e', 'apple', 0),
	(40, 'steam:11000010c6a226e', 'powerade', 0),
	(41, 'steam:11000010c6a226e', 'bandage', 25),
	(42, 'steam:11000010c6a226e', 'lighter', 0),
	(43, 'steam:11000010c6a226e', 'Fishing Lure', 0),
	(44, 'steam:11000010c6a226e', 'plast', 0),
	(45, 'steam:11000010c6a226e', 'rose', 0),
	(46, 'steam:11000010c6a226e', 'cigarett', 0),
	(47, 'steam:1100001121385c4', 'wood', 0),
	(48, 'steam:1100001121385c4', 'metall', 0),
	(49, 'steam:11000010c6a226e', 'buntband', 0),
	(50, 'steam:11000010c6a226e', 'aluminium', 0),
	(51, 'steam:1100001121385c4', 'anti', 0),
	(52, 'steam:11000010c6a226e', 'cola', 0),
	(53, 'steam:1100001121385c4', 'leather', 0),
	(54, 'steam:11000010c6a226e', 'skinn', 0),
	(55, 'steam:1100001121385c4', 'blindfold', 0),
	(56, 'steam:11000010c6a226e', 'phone', 1),
	(57, 'steam:1100001121385c4', 'medikit', 0),
	(58, 'steam:1100001121385c4', 'policecard', 1),
	(59, 'steam:11000010c6a226e', 'bankkey', 0),
	(60, 'steam:11000010c6a226e', 'encrypted_simcard', 0),
	(61, 'steam:1100001121385c4', 'gym_membership', 0),
	(62, 'steam:11000010c6a226e', 'Bass', 0),
	(63, 'steam:1100001121385c4', 'protein_shake', 0),
	(64, 'steam:1100001121385c4', 'umbrella', 0),
	(65, 'steam:11000010c6a226e', 'munk', 0),
	(66, 'steam:1100001121385c4', 'sprite', 0),
	(67, 'steam:11000010c6a226e', 'korv', 0),
	(68, 'steam:11000010c6a226e', 'applemos', 0),
	(69, 'steam:1100001121385c4', 'picnic', 0),
	(70, 'steam:1100001121385c4', 'steak', 0),
	(71, 'steam:11000010c6a226e', 'blowpipe', 0),
	(72, 'steam:11000010c6a226e', 'Small Salmon', 0),
	(73, 'steam:11000010c6a226e', 'Big Bass', 0),
	(74, 'steam:1100001121385c4', 'sportlunch', 0),
	(75, 'steam:1100001121385c4', 'Small Bass', 0),
	(76, 'steam:1100001121385c4', 'Pike', 0),
	(77, 'steam:1100001121385c4', 'hamburgare', 0),
	(78, 'steam:11000010c6a226e', 'donut', 0),
	(79, 'steam:1100001121385c4', 'bulletproof', 0),
	(80, 'steam:1100001121385c4', 'fixkit', 0),
	(81, 'steam:1100001121385c4', 'bread', 0),
	(82, 'steam:1100001121385c4', 'Small Pike', 0),
	(83, 'steam:1100001121385c4', 'skruvar', 0),
	(84, 'steam:1100001121385c4', 'oxygen_mask', 0),
	(85, 'steam:1100001121385c4', 'ogrillad', 0),
	(86, 'steam:1100001121385c4', 'meat', 0),
	(87, 'steam:1100001121385c4', 'Salmon', 0),
	(88, 'steam:1100001121385c4', 'phoneoff', 0),
	(89, 'steam:1100001121385c4', 'grillad', 0),
	(90, 'steam:1100001121385c4', 'Big Pike', 0),
	(91, 'steam:1100001121385c4', 'sandwich', 0),
	(92, 'steam:1100001121385c4', 'redgull', 0),
	(93, 'steam:1100001121385c4', 'water', 0),
	(94, 'steam:1100001121385c4', 'potatis', 0),
	(95, 'steam:1100001121385c4', 'klubba', 0),
	(96, 'steam:1100001121385c4', 'Big Salmon', 0),
	(97, 'steam:1100001121385c4', 'batteri', 0),
	(98, 'steam:1100001121385c4', 'Fishing Rod', 0),
	(99, 'steam:1100001121385c4', 'kaffe', 0),
	(100, 'steam:1100001121385c4', 'powerade', 0),
	(101, 'steam:1100001121385c4', 'apple', 0),
	(102, 'steam:1100001121385c4', 'bandage', 0),
	(103, 'steam:1100001121385c4', 'rose', 0),
	(104, 'steam:1100001121385c4', 'plast', 0),
	(105, 'steam:1100001121385c4', 'lighter', 0),
	(106, 'steam:1100001121385c4', 'Fishing Lure', 0),
	(107, 'steam:1100001121385c4', 'cigarett', 0),
	(108, 'steam:1100001121385c4', 'aluminium', 0),
	(109, 'steam:1100001121385c4', 'buntband', 0),
	(110, 'steam:1100001121385c4', 'cola', 0),
	(111, 'steam:1100001121385c4', 'skinn', 0),
	(112, 'steam:1100001121385c4', 'phone', 1),
	(113, 'steam:1100001121385c4', 'Bass', 0),
	(114, 'steam:1100001121385c4', 'munk', 0),
	(115, 'steam:1100001121385c4', 'encrypted_simcard', 0),
	(116, 'steam:1100001121385c4', 'bankkey', 0),
	(117, 'steam:1100001121385c4', 'korv', 0),
	(118, 'steam:1100001121385c4', 'Small Salmon', 0),
	(119, 'steam:1100001121385c4', 'applemos', 0),
	(120, 'steam:1100001121385c4', 'Big Bass', 0),
	(121, 'steam:1100001121385c4', 'donut', 0),
	(122, 'steam:1100001121385c4', 'blowpipe', 0),
	(123, 'steam:110000114898b97', 'metall', 0),
	(124, 'steam:110000114898b97', 'anti', 0),
	(125, 'steam:110000114898b97', 'wood', 0),
	(126, 'steam:110000114898b97', 'blindfold', 0),
	(127, 'steam:110000114898b97', 'leather', 0),
	(128, 'steam:110000114898b97', 'policecard', 0),
	(129, 'steam:110000114898b97', 'protein_shake', 0),
	(130, 'steam:110000114898b97', 'medikit', 0),
	(131, 'steam:110000114898b97', 'umbrella', 0),
	(132, 'steam:110000114898b97', 'gym_membership', 0),
	(133, 'steam:110000114898b97', 'sportlunch', 0),
	(134, 'steam:110000114898b97', 'Small Bass', 0),
	(135, 'steam:110000114898b97', 'sprite', 0),
	(136, 'steam:110000114898b97', 'steak', 0),
	(137, 'steam:110000114898b97', 'picnic', 0),
	(138, 'steam:110000114898b97', 'bulletproof', 0),
	(139, 'steam:110000114898b97', 'Pike', 0),
	(140, 'steam:110000114898b97', 'hamburgare', 0),
	(141, 'steam:110000114898b97', 'bread', 0),
	(142, 'steam:110000114898b97', 'fixkit', 0),
	(143, 'steam:110000114898b97', 'skruvar', 0),
	(144, 'steam:110000114898b97', 'meat', 0),
	(145, 'steam:110000114898b97', 'oxygen_mask', 0),
	(146, 'steam:110000114898b97', 'Small Pike', 0),
	(147, 'steam:110000114898b97', 'ogrillad', 0),
	(148, 'steam:110000114898b97', 'grillad', 0),
	(149, 'steam:110000114898b97', 'phoneoff', 0),
	(150, 'steam:110000114898b97', 'Salmon', 0),
	(151, 'steam:110000114898b97', 'sandwich', 0),
	(152, 'steam:110000114898b97', 'Big Pike', 0),
	(153, 'steam:110000114898b97', 'Big Salmon', 0),
	(154, 'steam:110000114898b97', 'redgull', 0),
	(155, 'steam:110000114898b97', 'water', 0),
	(156, 'steam:110000114898b97', 'klubba', 0),
	(157, 'steam:110000114898b97', 'potatis', 0),
	(158, 'steam:110000114898b97', 'kaffe', 0),
	(159, 'steam:110000114898b97', 'batteri', 0),
	(160, 'steam:110000114898b97', 'powerade', 0),
	(161, 'steam:110000114898b97', 'apple', 0),
	(162, 'steam:110000114898b97', 'Fishing Rod', 0),
	(163, 'steam:110000114898b97', 'plast', 0),
	(164, 'steam:110000114898b97', 'bandage', 0),
	(165, 'steam:110000114898b97', 'Fishing Lure', 0),
	(166, 'steam:110000114898b97', 'lighter', 0),
	(167, 'steam:110000114898b97', 'rose', 0),
	(168, 'steam:110000114898b97', 'cola', 0),
	(169, 'steam:110000114898b97', 'cigarett', 0),
	(170, 'steam:110000114898b97', 'skinn', 0),
	(171, 'steam:110000114898b97', 'buntband', 0),
	(172, 'steam:110000114898b97', 'aluminium', 0),
	(173, 'steam:110000114898b97', 'munk', 0),
	(174, 'steam:110000114898b97', 'Bass', 0),
	(175, 'steam:110000114898b97', 'bankkey', 0),
	(176, 'steam:110000114898b97', 'phone', 0),
	(177, 'steam:110000114898b97', 'encrypted_simcard', 0),
	(178, 'steam:110000114898b97', 'Small Salmon', 0),
	(179, 'steam:110000114898b97', 'korv', 0),
	(180, 'steam:110000114898b97', 'blowpipe', 0),
	(181, 'steam:110000114898b97', 'applemos', 0),
	(182, 'steam:110000114898b97', 'Big Bass', 0),
	(183, 'steam:110000114898b97', 'donut', 0),
	(184, 'steam:11000010a2f0ca2', 'metall', 0),
	(185, 'steam:11000010a2f0ca2', 'wood', 0),
	(186, 'steam:11000010a2f0ca2', 'blindfold', 0),
	(187, 'steam:11000010a2f0ca2', 'leather', 0),
	(188, 'steam:11000010a2f0ca2', 'anti', 0),
	(189, 'steam:11000010a2f0ca2', 'gym_membership', 0),
	(190, 'steam:11000010a2f0ca2', 'policecard', 1),
	(191, 'steam:11000010a2f0ca2', 'protein_shake', 0),
	(192, 'steam:11000010a2f0ca2', 'umbrella', 0),
	(193, 'steam:11000010a2f0ca2', 'medikit', 0),
	(194, 'steam:11000010a2f0ca2', 'Small Bass', 0),
	(195, 'steam:11000010a2f0ca2', 'sportlunch', 0),
	(196, 'steam:11000010a2f0ca2', 'steak', 0),
	(197, 'steam:11000010a2f0ca2', 'picnic', 0),
	(198, 'steam:11000010a2f0ca2', 'sprite', 0),
	(199, 'steam:11000010a2f0ca2', 'fixkit', 0),
	(200, 'steam:11000010a2f0ca2', 'Pike', 0),
	(201, 'steam:11000010a2f0ca2', 'bread', 0),
	(202, 'steam:11000010a2f0ca2', 'hamburgare', 0),
	(203, 'steam:11000010a2f0ca2', 'bulletproof', 0),
	(204, 'steam:11000010a2f0ca2', 'skruvar', 0),
	(205, 'steam:11000010a2f0ca2', 'oxygen_mask', 0),
	(206, 'steam:11000010a2f0ca2', 'ogrillad', 0),
	(207, 'steam:11000010a2f0ca2', 'meat', 0),
	(208, 'steam:11000010a2f0ca2', 'Small Pike', 0),
	(209, 'steam:11000010a2f0ca2', 'Big Pike', 0),
	(210, 'steam:11000010a2f0ca2', 'Salmon', 0),
	(211, 'steam:11000010a2f0ca2', 'grillad', 0),
	(212, 'steam:11000010a2f0ca2', 'phoneoff', 0),
	(213, 'steam:11000010a2f0ca2', 'sandwich', 0),
	(214, 'steam:11000010a2f0ca2', 'klubba', 0),
	(215, 'steam:11000010a2f0ca2', 'water', 0),
	(216, 'steam:11000010a2f0ca2', 'potatis', 0),
	(217, 'steam:11000010a2f0ca2', 'redgull', 0),
	(218, 'steam:11000010a2f0ca2', 'Big Salmon', 0),
	(219, 'steam:11000010a2f0ca2', 'Fishing Rod', 0),
	(220, 'steam:11000010a2f0ca2', 'powerade', 0),
	(221, 'steam:11000010a2f0ca2', 'kaffe', 0),
	(222, 'steam:11000010a2f0ca2', 'apple', 0),
	(223, 'steam:11000010a2f0ca2', 'batteri', 0),
	(224, 'steam:11000010a2f0ca2', 'rose', 0),
	(225, 'steam:11000010a2f0ca2', 'Fishing Lure', 0),
	(226, 'steam:11000010a2f0ca2', 'plast', 0),
	(227, 'steam:11000010a2f0ca2', 'lighter', 0),
	(228, 'steam:11000010a2f0ca2', 'bandage', 0),
	(229, 'steam:11000010a2f0ca2', 'skinn', 0),
	(230, 'steam:11000010a2f0ca2', 'buntband', 0),
	(231, 'steam:11000010a2f0ca2', 'aluminium', 0),
	(232, 'steam:11000010a2f0ca2', 'cola', 0),
	(233, 'steam:11000010a2f0ca2', 'cigarett', 0),
	(234, 'steam:11000010a2f0ca2', 'munk', 0),
	(235, 'steam:11000010a2f0ca2', 'encrypted_simcard', 0),
	(236, 'steam:11000010a2f0ca2', 'bankkey', 0),
	(237, 'steam:11000010a2f0ca2', 'Bass', 0),
	(238, 'steam:11000010a2f0ca2', 'phone', 1),
	(239, 'steam:11000010a2f0ca2', 'blowpipe', 0),
	(240, 'steam:11000010a2f0ca2', 'Big Bass', 0),
	(241, 'steam:11000010a2f0ca2', 'Small Salmon', 0),
	(242, 'steam:11000010a2f0ca2', 'applemos', 0),
	(243, 'steam:11000010a2f0ca2', 'korv', 0),
	(244, 'steam:11000010a2f0ca2', 'donut', 0),
	(245, 'steam:11000010acee315', 'wood', 0),
	(246, 'steam:11000010acee315', 'leather', 0),
	(247, 'steam:11000010acee315', 'anti', 0),
	(248, 'steam:11000010acee315', 'metall', 0),
	(249, 'steam:11000010acee315', 'blindfold', 0),
	(250, 'steam:11000010acee315', 'policecard', 0),
	(251, 'steam:11000010acee315', 'medikit', 0),
	(252, 'steam:11000010acee315', 'gym_membership', 0),
	(253, 'steam:11000010acee315', 'protein_shake', 0),
	(254, 'steam:11000010acee315', 'umbrella', 0),
	(255, 'steam:11000010acee315', 'sprite', 0),
	(256, 'steam:11000010acee315', 'picnic', 0),
	(257, 'steam:11000010acee315', 'Small Bass', 0),
	(258, 'steam:11000010acee315', 'sportlunch', 0),
	(259, 'steam:11000010acee315', 'steak', 0),
	(260, 'steam:11000010acee315', 'bread', 0),
	(261, 'steam:11000010acee315', 'Pike', 0),
	(262, 'steam:11000010acee315', 'hamburgare', 0),
	(263, 'steam:11000010acee315', 'bulletproof', 0),
	(264, 'steam:11000010acee315', 'fixkit', 0),
	(265, 'steam:11000010acee315', 'ogrillad', 0),
	(266, 'steam:11000010acee315', 'meat', 0),
	(267, 'steam:11000010acee315', 'oxygen_mask', 0),
	(268, 'steam:11000010acee315', 'skruvar', 0),
	(269, 'steam:11000010acee315', 'Small Pike', 0),
	(270, 'steam:11000010acee315', 'Big Pike', 0),
	(271, 'steam:11000010acee315', 'phoneoff', 0),
	(272, 'steam:11000010acee315', 'sandwich', 0),
	(273, 'steam:11000010acee315', 'grillad', 0),
	(274, 'steam:11000010acee315', 'Salmon', 0),
	(275, 'steam:11000010acee315', 'Big Salmon', 0),
	(276, 'steam:11000010acee315', 'klubba', 0),
	(277, 'steam:11000010acee315', 'water', 0),
	(278, 'steam:11000010acee315', 'potatis', 0),
	(279, 'steam:11000010acee315', 'redgull', 0),
	(280, 'steam:11000010acee315', 'Fishing Rod', 0),
	(281, 'steam:11000010acee315', 'kaffe', 0),
	(282, 'steam:11000010acee315', 'apple', 0),
	(283, 'steam:11000010acee315', 'powerade', 0),
	(284, 'steam:11000010acee315', 'batteri', 0),
	(285, 'steam:11000010acee315', 'rose', 0),
	(286, 'steam:11000010acee315', 'Fishing Lure', 0),
	(287, 'steam:11000010acee315', 'plast', 0),
	(288, 'steam:11000010acee315', 'lighter', 0),
	(289, 'steam:11000010acee315', 'bandage', 0),
	(290, 'steam:11000010acee315', 'aluminium', 0),
	(291, 'steam:11000010acee315', 'cola', 0),
	(292, 'steam:11000010acee315', 'skinn', 0),
	(293, 'steam:11000010acee315', 'buntband', 0),
	(294, 'steam:11000010acee315', 'cigarett', 0),
	(295, 'steam:11000010acee315', 'phone', 0),
	(296, 'steam:11000010acee315', 'encrypted_simcard', 0),
	(297, 'steam:11000010acee315', 'bankkey', 0),
	(298, 'steam:11000010acee315', 'Bass', 0),
	(299, 'steam:11000010acee315', 'munk', 0),
	(300, 'steam:11000010acee315', 'Big Bass', 0),
	(301, 'steam:11000010acee315', 'Small Salmon', 0),
	(302, 'steam:11000010acee315', 'applemos', 0),
	(303, 'steam:11000010acee315', 'blowpipe', 0),
	(304, 'steam:11000010acee315', 'korv', 0),
	(305, 'steam:11000010acee315', 'donut', 0),
	(306, 'steam:11000013466bebc', 'wood', 0),
	(307, 'steam:11000013466bebc', 'leather', 0),
	(308, 'steam:11000013466bebc', 'metall', 0),
	(309, 'steam:11000013466bebc', 'blindfold', 0),
	(310, 'steam:11000013466bebc', 'anti', 0),
	(311, 'steam:11000013466bebc', 'gym_membership', 0),
	(312, 'steam:11000013466bebc', 'protein_shake', 0),
	(313, 'steam:11000013466bebc', 'umbrella', 0),
	(314, 'steam:11000013466bebc', 'medikit', 0),
	(315, 'steam:11000013466bebc', 'policecard', 0),
	(316, 'steam:11000013466bebc', 'sprite', 0),
	(317, 'steam:11000013466bebc', 'picnic', 0),
	(318, 'steam:11000013466bebc', 'steak', 0),
	(319, 'steam:11000013466bebc', 'Small Bass', 0),
	(320, 'steam:11000013466bebc', 'sportlunch', 0),
	(321, 'steam:11000013466bebc', 'fixkit', 4),
	(322, 'steam:11000013466bebc', 'bulletproof', 0),
	(323, 'steam:11000013466bebc', 'bread', 0),
	(324, 'steam:11000013466bebc', 'Pike', 0),
	(325, 'steam:11000013466bebc', 'hamburgare', 0),
	(326, 'steam:11000013466bebc', 'Small Pike', 0),
	(327, 'steam:11000013466bebc', 'oxygen_mask', 0),
	(328, 'steam:11000013466bebc', 'skruvar', 0),
	(329, 'steam:11000013466bebc', 'ogrillad', 0),
	(330, 'steam:11000013466bebc', 'meat', 0),
	(331, 'steam:11000013466bebc', 'sandwich', 0),
	(332, 'steam:11000013466bebc', 'Big Pike', 0),
	(333, 'steam:11000013466bebc', 'phoneoff', 0),
	(334, 'steam:11000013466bebc', 'Salmon', 0),
	(335, 'steam:11000013466bebc', 'grillad', 0),
	(336, 'steam:11000013466bebc', 'potatis', 0),
	(337, 'steam:11000013466bebc', 'klubba', 0),
	(338, 'steam:11000013466bebc', 'Big Salmon', 0),
	(339, 'steam:11000013466bebc', 'water', 0),
	(340, 'steam:11000013466bebc', 'redgull', 0),
	(341, 'steam:11000013466bebc', 'powerade', 0),
	(342, 'steam:11000013466bebc', 'Fishing Rod', 0),
	(343, 'steam:11000013466bebc', 'kaffe', 0),
	(344, 'steam:11000013466bebc', 'apple', 0),
	(345, 'steam:11000013466bebc', 'batteri', 0),
	(346, 'steam:11000013466bebc', 'rose', 0),
	(347, 'steam:11000013466bebc', 'Fishing Lure', 0),
	(348, 'steam:11000013466bebc', 'plast', 0),
	(349, 'steam:11000013466bebc', 'lighter', 0),
	(350, 'steam:11000013466bebc', 'bandage', 0),
	(351, 'steam:11000013466bebc', 'aluminium', 0),
	(352, 'steam:11000013466bebc', 'skinn', 0),
	(353, 'steam:11000013466bebc', 'buntband', 0),
	(354, 'steam:11000013466bebc', 'cola', 0),
	(355, 'steam:11000013466bebc', 'cigarett', 0),
	(356, 'steam:11000013466bebc', 'bankkey', 0),
	(357, 'steam:11000013466bebc', 'encrypted_simcard', 0),
	(358, 'steam:11000013466bebc', 'Bass', 0),
	(359, 'steam:11000013466bebc', 'munk', 0),
	(360, 'steam:11000013466bebc', 'phone', 0),
	(361, 'steam:11000013466bebc', 'Big Bass', 0),
	(362, 'steam:11000013466bebc', 'Small Salmon', 0),
	(363, 'steam:11000013466bebc', 'applemos', 0),
	(364, 'steam:11000013466bebc', 'blowpipe', 3),
	(365, 'steam:11000013466bebc', 'korv', 0),
	(366, 'steam:11000013466bebc', 'donut', 0),
	(367, 'steam:110000116fa1ad3', 'blindfold', 0),
	(368, 'steam:110000116fa1ad3', 'metall', 0),
	(369, 'steam:110000116fa1ad3', 'wood', 0),
	(370, 'steam:110000116fa1ad3', 'anti', 0),
	(371, 'steam:110000116fa1ad3', 'leather', 0),
	(372, 'steam:110000116fa1ad3', 'umbrella', 0),
	(373, 'steam:110000116fa1ad3', 'medikit', 0),
	(374, 'steam:110000116fa1ad3', 'policecard', 0),
	(375, 'steam:110000116fa1ad3', 'gym_membership', 0),
	(376, 'steam:110000116fa1ad3', 'protein_shake', 0),
	(377, 'steam:110000116fa1ad3', 'sportlunch', 0),
	(378, 'steam:110000116fa1ad3', 'sprite', 0),
	(379, 'steam:110000116fa1ad3', 'Small Bass', 0),
	(380, 'steam:110000116fa1ad3', 'picnic', 0),
	(381, 'steam:110000116fa1ad3', 'steak', 0),
	(382, 'steam:110000116fa1ad3', 'fixkit', 0),
	(383, 'steam:110000116fa1ad3', 'bread', 0),
	(384, 'steam:110000116fa1ad3', 'bulletproof', 0),
	(385, 'steam:110000116fa1ad3', 'Pike', 0),
	(386, 'steam:110000116fa1ad3', 'hamburgare', 0),
	(387, 'steam:110000116fa1ad3', 'oxygen_mask', 0),
	(388, 'steam:110000116fa1ad3', 'ogrillad', 0),
	(389, 'steam:110000116fa1ad3', 'Small Pike', 0),
	(390, 'steam:110000116fa1ad3', 'meat', 0),
	(391, 'steam:110000116fa1ad3', 'skruvar', 0),
	(392, 'steam:110000116fa1ad3', 'Big Pike', 0),
	(393, 'steam:110000116fa1ad3', 'grillad', 0),
	(394, 'steam:110000116fa1ad3', 'sandwich', 0),
	(395, 'steam:110000116fa1ad3', 'phoneoff', 0),
	(396, 'steam:110000116fa1ad3', 'Salmon', 0),
	(397, 'steam:110000116fa1ad3', 'potatis', 0),
	(398, 'steam:110000116fa1ad3', 'klubba', 0),
	(399, 'steam:110000116fa1ad3', 'water', 0),
	(400, 'steam:110000116fa1ad3', 'redgull', 0),
	(401, 'steam:110000116fa1ad3', 'Big Salmon', 0),
	(402, 'steam:110000116fa1ad3', 'powerade', 0),
	(403, 'steam:110000116fa1ad3', 'batteri', 0),
	(404, 'steam:110000116fa1ad3', 'Fishing Rod', 0),
	(405, 'steam:110000116fa1ad3', 'kaffe', 0),
	(406, 'steam:110000116fa1ad3', 'apple', 0),
	(407, 'steam:110000116fa1ad3', 'rose', 0),
	(408, 'steam:110000116fa1ad3', 'lighter', 0),
	(409, 'steam:110000116fa1ad3', 'Fishing Lure', 0),
	(410, 'steam:110000116fa1ad3', 'plast', 0),
	(411, 'steam:110000116fa1ad3', 'bandage', 0),
	(412, 'steam:110000116fa1ad3', 'aluminium', 0),
	(413, 'steam:110000116fa1ad3', 'cola', 0),
	(414, 'steam:110000116fa1ad3', 'skinn', 0),
	(415, 'steam:110000116fa1ad3', 'buntband', 0),
	(416, 'steam:110000116fa1ad3', 'cigarett', 0),
	(417, 'steam:110000116fa1ad3', 'encrypted_simcard', 0),
	(418, 'steam:110000116fa1ad3', 'bankkey', 0),
	(419, 'steam:110000116fa1ad3', 'Bass', 0),
	(420, 'steam:110000116fa1ad3', 'munk', 0),
	(421, 'steam:110000116fa1ad3', 'phone', 0),
	(422, 'steam:110000116fa1ad3', 'Small Salmon', 0),
	(423, 'steam:110000116fa1ad3', 'applemos', 0),
	(424, 'steam:110000116fa1ad3', 'blowpipe', 0),
	(425, 'steam:110000116fa1ad3', 'korv', 0),
	(426, 'steam:110000116fa1ad3', 'Big Bass', 0),
	(427, 'steam:110000116fa1ad3', 'donut', 0),
	(428, 'Char1:1100001169feb5e', 'wood', 0),
	(429, 'Char1:1100001169feb5e', 'anti', 0),
	(430, 'Char1:1100001169feb5e', 'blindfold', 0),
	(431, 'Char1:1100001169feb5e', 'metall', 0),
	(432, 'Char1:1100001169feb5e', 'leather', 0),
	(433, 'Char1:1100001169feb5e', 'medikit', 0),
	(434, 'Char1:1100001169feb5e', 'umbrella', 0),
	(435, 'Char1:1100001169feb5e', 'gym_membership', 0),
	(436, 'Char1:1100001169feb5e', 'policecard', 0),
	(437, 'Char1:1100001169feb5e', 'protein_shake', 0),
	(438, 'Char1:1100001169feb5e', 'sprite', 0),
	(439, 'Char1:1100001169feb5e', 'sportlunch', 0),
	(440, 'Char1:1100001169feb5e', 'Small Bass', 0),
	(441, 'Char1:1100001169feb5e', 'steak', 0),
	(442, 'Char1:1100001169feb5e', 'picnic', 0),
	(443, 'Char1:1100001169feb5e', 'bread', 0),
	(444, 'Char1:1100001169feb5e', 'fixkit', 0),
	(445, 'Char1:1100001169feb5e', 'bulletproof', 0),
	(446, 'Char1:1100001169feb5e', 'hamburgare', 0),
	(447, 'Char1:1100001169feb5e', 'Pike', 0),
	(448, 'Char1:1100001169feb5e', 'ogrillad', 0),
	(449, 'Char1:1100001169feb5e', 'Small Pike', 0),
	(450, 'Char1:1100001169feb5e', 'meat', 0),
	(451, 'Char1:1100001169feb5e', 'oxygen_mask', 0),
	(452, 'Char1:1100001169feb5e', 'skruvar', 0),
	(453, 'Char1:1100001169feb5e', 'sandwich', 0),
	(454, 'Char1:1100001169feb5e', 'phoneoff', 0),
	(455, 'Char1:1100001169feb5e', 'Salmon', 0),
	(456, 'Char1:1100001169feb5e', 'grillad', 0),
	(457, 'Char1:1100001169feb5e', 'Big Pike', 0),
	(458, 'Char1:1100001169feb5e', 'klubba', 0),
	(459, 'Char1:1100001169feb5e', 'redgull', 0),
	(460, 'Char1:1100001169feb5e', 'potatis', 0),
	(461, 'Char1:1100001169feb5e', 'Big Salmon', 0),
	(462, 'Char1:1100001169feb5e', 'water', 0),
	(463, 'Char1:1100001169feb5e', 'Fishing Rod', 0),
	(464, 'Char1:1100001169feb5e', 'kaffe', 0),
	(465, 'Char1:1100001169feb5e', 'apple', 0),
	(466, 'Char1:1100001169feb5e', 'powerade', 0),
	(467, 'Char1:1100001169feb5e', 'batteri', 0),
	(468, 'Char1:1100001169feb5e', 'lighter', 0),
	(469, 'Char1:1100001169feb5e', 'Fishing Lure', 0),
	(470, 'Char1:1100001169feb5e', 'rose', 0),
	(471, 'Char1:1100001169feb5e', 'bandage', 0),
	(472, 'Char1:1100001169feb5e', 'plast', 0),
	(473, 'Char1:1100001169feb5e', 'cigarett', 0),
	(474, 'Char1:1100001169feb5e', 'cola', 0),
	(475, 'Char1:1100001169feb5e', 'skinn', 0),
	(476, 'Char1:1100001169feb5e', 'buntband', 0),
	(477, 'Char1:1100001169feb5e', 'aluminium', 0),
	(478, 'Char1:1100001169feb5e', 'phone', 1),
	(479, 'Char1:1100001169feb5e', 'encrypted_simcard', 0),
	(480, 'Char1:1100001169feb5e', 'bankkey', 0),
	(481, 'Char1:1100001169feb5e', 'Bass', 0),
	(482, 'Char1:1100001169feb5e', 'munk', 0),
	(483, 'Char1:1100001169feb5e', 'applemos', 0),
	(484, 'Char1:1100001169feb5e', 'korv', 0),
	(485, 'Char1:1100001169feb5e', 'Big Bass', 0),
	(486, 'Char1:1100001169feb5e', 'Small Salmon', 0),
	(487, 'Char1:1100001169feb5e', 'blowpipe', 0),
	(488, 'Char1:1100001169feb5e', 'donut', 0),
	(489, 'steam:110000103b6bb22', 'leather', 0),
	(490, 'steam:110000103b6bb22', 'wood', 0),
	(491, 'steam:110000103b6bb22', 'blindfold', 0),
	(492, 'steam:110000103b6bb22', 'metall', 0),
	(493, 'steam:110000103b6bb22', 'anti', 0),
	(494, 'steam:110000103b6bb22', 'gym_membership', 0),
	(495, 'steam:110000103b6bb22', 'policecard', 1),
	(496, 'steam:110000103b6bb22', 'umbrella', 0),
	(497, 'steam:110000103b6bb22', 'protein_shake', 0),
	(498, 'steam:110000103b6bb22', 'medikit', 0),
	(499, 'steam:110000103b6bb22', 'Small Bass', 0),
	(500, 'steam:110000103b6bb22', 'sprite', 0),
	(501, 'steam:110000103b6bb22', 'steak', 0),
	(502, 'steam:110000103b6bb22', 'picnic', 0),
	(503, 'steam:110000103b6bb22', 'sportlunch', 0),
	(504, 'steam:110000103b6bb22', 'hamburgare', 0),
	(505, 'steam:110000103b6bb22', 'bread', 0),
	(506, 'steam:110000103b6bb22', 'bulletproof', 0),
	(507, 'steam:110000103b6bb22', 'Pike', 0),
	(508, 'steam:110000103b6bb22', 'fixkit', 0),
	(509, 'steam:110000103b6bb22', 'Small Pike', 0),
	(510, 'steam:110000103b6bb22', 'ogrillad', 0),
	(511, 'steam:110000103b6bb22', 'skruvar', 0),
	(512, 'steam:110000103b6bb22', 'meat', 0),
	(513, 'steam:110000103b6bb22', 'oxygen_mask', 0),
	(514, 'steam:110000103b6bb22', 'sandwich', 0),
	(515, 'steam:110000103b6bb22', 'Big Pike', 0),
	(516, 'steam:110000103b6bb22', 'phoneoff', 0),
	(517, 'steam:110000103b6bb22', 'Salmon', 0),
	(518, 'steam:110000103b6bb22', 'grillad', 0),
	(519, 'steam:110000103b6bb22', 'potatis', 0),
	(520, 'steam:110000103b6bb22', 'water', 0),
	(521, 'steam:110000103b6bb22', 'Big Salmon', 0),
	(522, 'steam:110000103b6bb22', 'klubba', 0),
	(523, 'steam:110000103b6bb22', 'redgull', 0),
	(524, 'steam:110000103b6bb22', 'Fishing Rod', 0),
	(525, 'steam:110000103b6bb22', 'batteri', 0),
	(526, 'steam:110000103b6bb22', 'kaffe', 0),
	(527, 'steam:110000103b6bb22', 'apple', 0),
	(528, 'steam:110000103b6bb22', 'powerade', 0),
	(529, 'steam:110000103b6bb22', 'plast', 0),
	(530, 'steam:110000103b6bb22', 'Fishing Lure', 0),
	(531, 'steam:110000103b6bb22', 'rose', 0),
	(532, 'steam:110000103b6bb22', 'lighter', 0),
	(533, 'steam:110000103b6bb22', 'bandage', 0),
	(534, 'steam:110000103b6bb22', 'cola', 0),
	(535, 'steam:110000103b6bb22', 'skinn', 0),
	(536, 'steam:110000103b6bb22', 'buntband', 0),
	(537, 'steam:110000103b6bb22', 'cigarett', 0),
	(538, 'steam:110000103b6bb22', 'aluminium', 0),
	(539, 'steam:110000103b6bb22', 'encrypted_simcard', 0),
	(540, 'steam:110000103b6bb22', 'bankkey', 0),
	(541, 'steam:110000103b6bb22', 'Bass', 0),
	(542, 'steam:110000103b6bb22', 'munk', 0),
	(543, 'steam:110000103b6bb22', 'phone', 1),
	(544, 'steam:110000103b6bb22', 'Big Bass', 0),
	(545, 'steam:110000103b6bb22', 'Small Salmon', 0),
	(546, 'steam:110000103b6bb22', 'applemos', 0),
	(547, 'steam:110000103b6bb22', 'blowpipe', 0),
	(548, 'steam:110000103b6bb22', 'korv', 0),
	(549, 'steam:110000103b6bb22', 'donut', 0),
	(550, 'steam:11000010e41b873', 'leather', 0),
	(551, 'steam:11000010e41b873', 'metall', 0),
	(552, 'steam:11000010e41b873', 'wood', 0),
	(553, 'steam:11000010e41b873', 'blindfold', 0),
	(554, 'steam:11000010e41b873', 'anti', 0),
	(555, 'steam:11000010e41b873', 'gym_membership', 0),
	(556, 'steam:11000010e41b873', 'protein_shake', 0),
	(557, 'steam:11000010e41b873', 'medikit', 0),
	(558, 'steam:11000010e41b873', 'policecard', 0),
	(559, 'steam:11000010e41b873', 'umbrella', 0),
	(560, 'steam:11000010e41b873', 'Small Bass', 0),
	(561, 'steam:11000010e41b873', 'picnic', 0),
	(562, 'steam:11000010e41b873', 'sprite', 0),
	(563, 'steam:11000010e41b873', 'steak', 0),
	(564, 'steam:11000010e41b873', 'sportlunch', 0),
	(565, 'steam:11000010e41b873', 'bread', 0),
	(566, 'steam:11000010e41b873', 'hamburgare', 0),
	(567, 'steam:11000010e41b873', 'fixkit', 7),
	(568, 'steam:11000010e41b873', 'Pike', 0),
	(569, 'steam:11000010e41b873', 'bulletproof', 0),
	(570, 'steam:11000010e41b873', 'oxygen_mask', 0),
	(571, 'steam:11000010e41b873', 'Small Pike', 0),
	(572, 'steam:11000010e41b873', 'meat', 0),
	(573, 'steam:11000010e41b873', 'skruvar', 0),
	(574, 'steam:11000010e41b873', 'ogrillad', 0),
	(575, 'steam:11000010e41b873', 'Big Pike', 0),
	(576, 'steam:11000010e41b873', 'sandwich', 0),
	(577, 'steam:11000010e41b873', 'grillad', 0),
	(578, 'steam:11000010e41b873', 'phoneoff', 0),
	(579, 'steam:11000010e41b873', 'Salmon', 0),
	(580, 'steam:11000010e41b873', 'Big Salmon', 0),
	(581, 'steam:11000010e41b873', 'klubba', 0),
	(582, 'steam:11000010e41b873', 'redgull', 0),
	(583, 'steam:11000010e41b873', 'water', 0),
	(584, 'steam:11000010e41b873', 'potatis', 0),
	(585, 'steam:11000010e41b873', 'powerade', 0),
	(586, 'steam:11000010e41b873', 'Fishing Rod', 0),
	(587, 'steam:11000010e41b873', 'batteri', 0),
	(588, 'steam:11000010e41b873', 'kaffe', 0),
	(589, 'steam:11000010e41b873', 'apple', 0),
	(590, 'steam:11000010e41b873', 'bandage', 0),
	(591, 'steam:11000010e41b873', 'plast', 0),
	(592, 'steam:11000010e41b873', 'Fishing Lure', 0),
	(593, 'steam:11000010e41b873', 'lighter', 0),
	(594, 'steam:11000010e41b873', 'rose', 0),
	(595, 'steam:11000010e41b873', 'cola', 0),
	(596, 'steam:11000010e41b873', 'skinn', 0),
	(597, 'steam:11000010e41b873', 'aluminium', 0),
	(598, 'steam:11000010e41b873', 'cigarett', 0),
	(599, 'steam:11000010e41b873', 'buntband', 0),
	(600, 'steam:11000010e41b873', 'phone', 0),
	(601, 'steam:11000010e41b873', 'encrypted_simcard', 0),
	(602, 'steam:11000010e41b873', 'bankkey', 0),
	(603, 'steam:11000010e41b873', 'Bass', 0),
	(604, 'steam:11000010e41b873', 'munk', 0),
	(605, 'steam:11000010e41b873', 'korv', 0),
	(606, 'steam:11000010e41b873', 'applemos', 0),
	(607, 'steam:11000010e41b873', 'blowpipe', 6),
	(608, 'steam:11000010e41b873', 'Big Bass', 0),
	(609, 'steam:11000010e41b873', 'Small Salmon', 0),
	(610, 'steam:11000010e41b873', 'donut', 0),
	(611, 'steam:110000117a8d3e4', 'metall', 0),
	(612, 'steam:110000117a8d3e4', 'anti', 0),
	(613, 'steam:110000117a8d3e4', 'leather', 0),
	(614, 'steam:110000117a8d3e4', 'wood', 0),
	(615, 'steam:110000117a8d3e4', 'blindfold', 0),
	(616, 'steam:110000117a8d3e4', 'medikit', 0),
	(617, 'steam:110000117a8d3e4', 'gym_membership', 0),
	(618, 'steam:110000117a8d3e4', 'protein_shake', 0),
	(619, 'steam:110000117a8d3e4', 'umbrella', 0),
	(620, 'steam:110000117a8d3e4', 'policecard', 0),
	(621, 'steam:110000117a8d3e4', 'steak', 0),
	(622, 'steam:110000117a8d3e4', 'Small Bass', 0),
	(623, 'steam:110000117a8d3e4', 'picnic', 0),
	(624, 'steam:110000117a8d3e4', 'sprite', 0),
	(625, 'steam:110000117a8d3e4', 'sportlunch', 0),
	(626, 'steam:110000117a8d3e4', 'fixkit', 0),
	(627, 'steam:110000117a8d3e4', 'bread', 0),
	(628, 'steam:110000117a8d3e4', 'bulletproof', 0),
	(629, 'steam:110000117a8d3e4', 'Pike', 0),
	(630, 'steam:110000117a8d3e4', 'hamburgare', 0),
	(631, 'steam:110000117a8d3e4', 'meat', 0),
	(632, 'steam:110000117a8d3e4', 'oxygen_mask', 0),
	(633, 'steam:110000117a8d3e4', 'ogrillad', 0),
	(634, 'steam:110000117a8d3e4', 'Small Pike', 0),
	(635, 'steam:110000117a8d3e4', 'skruvar', 0),
	(636, 'steam:110000117a8d3e4', 'phoneoff', 0),
	(637, 'steam:110000117a8d3e4', 'Salmon', 0),
	(638, 'steam:110000117a8d3e4', 'grillad', 0),
	(639, 'steam:110000117a8d3e4', 'sandwich', 0),
	(640, 'steam:110000117a8d3e4', 'Big Pike', 0),
	(641, 'steam:110000117a8d3e4', 'redgull', 0),
	(642, 'steam:110000117a8d3e4', 'potatis', 0),
	(643, 'steam:110000117a8d3e4', 'klubba', 0),
	(644, 'steam:110000117a8d3e4', 'water', 0),
	(645, 'steam:110000117a8d3e4', 'Big Salmon', 0),
	(646, 'steam:110000117a8d3e4', 'Fishing Rod', 0),
	(647, 'steam:110000117a8d3e4', 'kaffe', 0),
	(648, 'steam:110000117a8d3e4', 'apple', 0),
	(649, 'steam:110000117a8d3e4', 'powerade', 0),
	(650, 'steam:110000117a8d3e4', 'batteri', 0),
	(651, 'steam:110000117a8d3e4', 'Fishing Lure', 0),
	(652, 'steam:110000117a8d3e4', 'bandage', 0),
	(653, 'steam:110000117a8d3e4', 'rose', 0),
	(654, 'steam:110000117a8d3e4', 'plast', 0),
	(655, 'steam:110000117a8d3e4', 'lighter', 0),
	(656, 'steam:110000117a8d3e4', 'aluminium', 0),
	(657, 'steam:110000117a8d3e4', 'cola', 0),
	(658, 'steam:110000117a8d3e4', 'cigarett', 0),
	(659, 'steam:110000117a8d3e4', 'buntband', 0),
	(660, 'steam:110000117a8d3e4', 'skinn', 0),
	(661, 'steam:110000117a8d3e4', 'bankkey', 0),
	(662, 'steam:110000117a8d3e4', 'phone', 1),
	(663, 'steam:110000117a8d3e4', 'munk', 0),
	(664, 'steam:110000117a8d3e4', 'encrypted_simcard', 0),
	(665, 'steam:110000117a8d3e4', 'Bass', 0),
	(666, 'steam:110000117a8d3e4', 'Big Bass', 0),
	(667, 'steam:110000117a8d3e4', 'applemos', 0),
	(668, 'steam:110000117a8d3e4', 'korv', 0),
	(669, 'steam:110000117a8d3e4', 'Small Salmon', 0),
	(670, 'steam:110000117a8d3e4', 'blowpipe', 0),
	(671, 'steam:110000117a8d3e4', 'donut', 0),
	(733, 'steam:11000010cfda651', 'wood', 0),
	(734, 'steam:11000010cfda651', 'blindfold', 0),
	(735, 'steam:11000010cfda651', 'leather', 0),
	(736, 'steam:11000010cfda651', 'metall', 0),
	(737, 'steam:11000010cfda651', 'anti', 0),
	(738, 'steam:11000010cfda651', 'policecard', 0),
	(739, 'steam:11000010cfda651', 'protein_shake', 0),
	(740, 'steam:11000010cfda651', 'umbrella', 0),
	(741, 'steam:11000010cfda651', 'gym_membership', 0),
	(742, 'steam:11000010cfda651', 'medikit', 0),
	(743, 'steam:11000010cfda651', 'steak', 0),
	(744, 'steam:11000010cfda651', 'Small Bass', 0),
	(745, 'steam:11000010cfda651', 'sportlunch', 0),
	(746, 'steam:11000010cfda651', 'sprite', 0),
	(747, 'steam:11000010cfda651', 'picnic', 0),
	(748, 'steam:11000010cfda651', 'fixkit', 8),
	(749, 'steam:11000010cfda651', 'hamburgare', 0),
	(750, 'steam:11000010cfda651', 'bulletproof', 0),
	(751, 'steam:11000010cfda651', 'bread', 0),
	(752, 'steam:11000010cfda651', 'Pike', 0),
	(753, 'steam:11000010cfda651', 'meat', 0),
	(754, 'steam:11000010cfda651', 'ogrillad', 0),
	(755, 'steam:11000010cfda651', 'oxygen_mask', 0),
	(756, 'steam:11000010cfda651', 'Small Pike', 0),
	(757, 'steam:11000010cfda651', 'skruvar', 0),
	(758, 'steam:11000010cfda651', 'grillad', 0),
	(759, 'steam:11000010cfda651', 'phoneoff', 0),
	(760, 'steam:11000010cfda651', 'Big Pike', 0),
	(761, 'steam:11000010cfda651', 'sandwich', 0),
	(762, 'steam:11000010cfda651', 'Salmon', 0),
	(763, 'steam:11000010cfda651', 'water', 0),
	(764, 'steam:11000010cfda651', 'redgull', 0),
	(765, 'steam:11000010cfda651', 'potatis', 0),
	(766, 'steam:11000010cfda651', 'Big Salmon', 0),
	(767, 'steam:11000010cfda651', 'klubba', 0),
	(768, 'steam:11000010cfda651', 'batteri', 0),
	(769, 'steam:11000010cfda651', 'Fishing Rod', 0),
	(770, 'steam:11000010cfda651', 'kaffe', 0),
	(771, 'steam:11000010cfda651', 'apple', 0),
	(772, 'steam:11000010cfda651', 'powerade', 0),
	(773, 'steam:11000010cfda651', 'rose', 0),
	(774, 'steam:11000010cfda651', 'lighter', 0),
	(775, 'steam:11000010cfda651', 'bandage', 0),
	(776, 'steam:11000010cfda651', 'Fishing Lure', 0),
	(777, 'steam:11000010cfda651', 'plast', 0),
	(778, 'steam:11000010cfda651', 'skinn', 0),
	(779, 'steam:11000010cfda651', 'aluminium', 0),
	(780, 'steam:11000010cfda651', 'cola', 0),
	(781, 'steam:11000010cfda651', 'buntband', 0),
	(782, 'steam:11000010cfda651', 'cigarett', 0),
	(783, 'steam:11000010cfda651', 'Bass', 0),
	(784, 'steam:11000010cfda651', 'phone', 0),
	(785, 'steam:11000010cfda651', 'encrypted_simcard', 0),
	(786, 'steam:11000010cfda651', 'bankkey', 0),
	(787, 'steam:11000010cfda651', 'munk', 0),
	(788, 'steam:11000010cfda651', 'Small Salmon', 0),
	(789, 'steam:11000010cfda651', 'korv', 0),
	(790, 'steam:11000010cfda651', 'applemos', 0),
	(791, 'steam:11000010cfda651', 'blowpipe', 5),
	(792, 'steam:11000010cfda651', 'Big Bass', 0),
	(793, 'steam:11000010cfda651', 'donut', 0),
	(794, 'steam:11000011b7fc75b', 'metall', 0),
	(795, 'steam:11000011b7fc75b', 'anti', 0),
	(796, 'steam:11000011b7fc75b', 'leather', 0),
	(797, 'steam:11000011b7fc75b', 'blindfold', 0),
	(798, 'steam:11000011b7fc75b', 'wood', 0),
	(799, 'steam:11000011b7fc75b', 'gym_membership', 0),
	(800, 'steam:11000011b7fc75b', 'protein_shake', 0),
	(801, 'steam:11000011b7fc75b', 'umbrella', 0),
	(802, 'steam:11000011b7fc75b', 'medikit', 0),
	(803, 'steam:11000011b7fc75b', 'policecard', 0),
	(804, 'steam:11000011b7fc75b', 'steak', 0),
	(805, 'steam:11000011b7fc75b', 'sprite', 0),
	(806, 'steam:11000011b7fc75b', 'sportlunch', 0),
	(807, 'steam:11000011b7fc75b', 'Small Bass', 0),
	(808, 'steam:11000011b7fc75b', 'picnic', 0),
	(809, 'steam:11000011b7fc75b', 'fixkit', 17),
	(810, 'steam:11000011b7fc75b', 'hamburgare', 0),
	(811, 'steam:11000011b7fc75b', 'Pike', 0),
	(812, 'steam:11000011b7fc75b', 'bread', 0),
	(813, 'steam:11000011b7fc75b', 'bulletproof', 0),
	(814, 'steam:11000011b7fc75b', 'meat', 0),
	(815, 'steam:11000011b7fc75b', 'ogrillad', 0),
	(816, 'steam:11000011b7fc75b', 'skruvar', 0),
	(817, 'steam:11000011b7fc75b', 'Small Pike', 0),
	(818, 'steam:11000011b7fc75b', 'oxygen_mask', 0),
	(819, 'steam:11000011b7fc75b', 'Salmon', 4),
	(820, 'steam:11000011b7fc75b', 'phoneoff', 0),
	(821, 'steam:11000011b7fc75b', 'grillad', 0),
	(822, 'steam:11000011b7fc75b', 'Big Pike', 0),
	(823, 'steam:11000011b7fc75b', 'sandwich', 4),
	(824, 'steam:11000011b7fc75b', 'klubba', 0),
	(825, 'steam:11000011b7fc75b', 'Big Salmon', 0),
	(826, 'steam:11000011b7fc75b', 'potatis', 0),
	(827, 'steam:11000011b7fc75b', 'water', 0),
	(828, 'steam:11000011b7fc75b', 'redgull', 0),
	(829, 'steam:11000011b7fc75b', 'kaffe', 0),
	(830, 'steam:11000011b7fc75b', 'batteri', 0),
	(831, 'steam:11000011b7fc75b', 'Fishing Rod', 1),
	(832, 'steam:11000011b7fc75b', 'powerade', 0),
	(833, 'steam:11000011b7fc75b', 'apple', 0),
	(834, 'steam:11000011b7fc75b', 'bandage', 0),
	(835, 'steam:11000011b7fc75b', 'lighter', 0),
	(836, 'steam:11000011b7fc75b', 'rose', 0),
	(837, 'steam:11000011b7fc75b', 'Fishing Lure', 0),
	(838, 'steam:11000011b7fc75b', 'plast', 0),
	(839, 'steam:11000011b7fc75b', 'aluminium', 0),
	(840, 'steam:11000011b7fc75b', 'cola', 0),
	(841, 'steam:11000011b7fc75b', 'skinn', 0),
	(842, 'steam:11000011b7fc75b', 'buntband', 0),
	(843, 'steam:11000011b7fc75b', 'cigarett', 0),
	(844, 'steam:11000011b7fc75b', 'munk', 0),
	(845, 'steam:11000011b7fc75b', 'Bass', 1),
	(846, 'steam:11000011b7fc75b', 'bankkey', 0),
	(847, 'steam:11000011b7fc75b', 'phone', 1),
	(848, 'steam:11000011b7fc75b', 'encrypted_simcard', 0),
	(849, 'steam:11000011b7fc75b', 'blowpipe', 19),
	(850, 'steam:11000011b7fc75b', 'korv', 0),
	(851, 'steam:11000011b7fc75b', 'Small Salmon', 0),
	(852, 'steam:11000011b7fc75b', 'Big Bass', 0),
	(853, 'steam:11000011b7fc75b', 'applemos', 0),
	(854, 'steam:11000011b7fc75b', 'donut', 0),
	(855, 'steam:110000114093c56', 'blindfold', 0),
	(856, 'steam:110000114093c56', 'anti', 0),
	(857, 'steam:110000114093c56', 'leather', 0),
	(858, 'steam:110000114093c56', 'metall', 0),
	(859, 'steam:110000114093c56', 'wood', 0),
	(860, 'steam:110000114093c56', 'protein_shake', 0),
	(861, 'steam:110000114093c56', 'medikit', 0),
	(862, 'steam:110000114093c56', 'gym_membership', 0),
	(863, 'steam:110000114093c56', 'policecard', 0),
	(864, 'steam:110000114093c56', 'umbrella', 0),
	(865, 'steam:110000114093c56', 'picnic', 0),
	(866, 'steam:110000114093c56', 'Small Bass', 0),
	(867, 'steam:110000114093c56', 'sportlunch', 0),
	(868, 'steam:110000114093c56', 'sprite', 0),
	(869, 'steam:110000114093c56', 'steak', 0),
	(870, 'steam:110000114093c56', 'bulletproof', 0),
	(871, 'steam:110000114093c56', 'fixkit', 0),
	(872, 'steam:110000114093c56', 'hamburgare', 0),
	(873, 'steam:110000114093c56', 'bread', 0),
	(874, 'steam:110000114093c56', 'Pike', 0),
	(875, 'steam:110000114093c56', 'meat', 0),
	(876, 'steam:110000114093c56', 'ogrillad', 0),
	(877, 'steam:110000114093c56', 'Small Pike', 0),
	(878, 'steam:110000114093c56', 'skruvar', 0),
	(879, 'steam:110000114093c56', 'oxygen_mask', 0),
	(880, 'steam:110000114093c56', 'Salmon', 0),
	(881, 'steam:110000114093c56', 'Big Pike', 0),
	(882, 'steam:110000114093c56', 'grillad', 0),
	(883, 'steam:110000114093c56', 'sandwich', 0),
	(884, 'steam:110000114093c56', 'phoneoff', 0),
	(885, 'steam:110000114093c56', 'redgull', 0),
	(886, 'steam:110000114093c56', 'potatis', 0),
	(887, 'steam:110000114093c56', 'Big Salmon', 0),
	(888, 'steam:110000114093c56', 'klubba', 0),
	(889, 'steam:110000114093c56', 'water', 0),
	(890, 'steam:110000114093c56', 'apple', 0),
	(891, 'steam:110000114093c56', 'batteri', 0),
	(892, 'steam:110000114093c56', 'Fishing Rod', 0),
	(893, 'steam:110000114093c56', 'kaffe', 0),
	(894, 'steam:110000114093c56', 'powerade', 0),
	(895, 'steam:110000114093c56', 'Fishing Lure', 0),
	(896, 'steam:110000114093c56', 'rose', 0),
	(897, 'steam:110000114093c56', 'plast', 0),
	(898, 'steam:110000114093c56', 'lighter', 0),
	(899, 'steam:110000114093c56', 'bandage', 0),
	(900, 'steam:110000114093c56', 'cola', 0),
	(901, 'steam:110000114093c56', 'skinn', 0),
	(902, 'steam:110000114093c56', 'aluminium', 0),
	(903, 'steam:110000114093c56', 'buntband', 0),
	(904, 'steam:110000114093c56', 'cigarett', 0),
	(905, 'steam:110000114093c56', 'munk', 0),
	(906, 'steam:110000114093c56', 'bankkey', 0),
	(907, 'steam:110000114093c56', 'Bass', 0),
	(908, 'steam:110000114093c56', 'encrypted_simcard', 0),
	(909, 'steam:110000114093c56', 'phone', 0),
	(910, 'steam:110000114093c56', 'blowpipe', 0),
	(911, 'steam:110000114093c56', 'applemos', 0),
	(912, 'steam:110000114093c56', 'korv', 0),
	(913, 'steam:110000114093c56', 'Big Bass', 0),
	(914, 'steam:110000114093c56', 'Small Salmon', 0),
	(915, 'steam:110000114093c56', 'donut', 0),
	(916, 'steam:1100001014c0f32', 'anti', 0),
	(917, 'steam:1100001014c0f32', 'metall', 0),
	(918, 'steam:1100001014c0f32', 'blindfold', 0),
	(919, 'steam:1100001014c0f32', 'wood', 0),
	(920, 'steam:1100001014c0f32', 'leather', 0),
	(921, 'steam:1100001014c0f32', 'protein_shake', 0),
	(922, 'steam:1100001014c0f32', 'gym_membership', 0),
	(923, 'steam:1100001014c0f32', 'policecard', 3),
	(924, 'steam:1100001014c0f32', 'umbrella', 0),
	(925, 'steam:1100001014c0f32', 'medikit', 10),
	(926, 'steam:1100001014c0f32', 'steak', 0),
	(927, 'steam:1100001014c0f32', 'Small Bass', 0),
	(928, 'steam:1100001014c0f32', 'sprite', 0),
	(929, 'steam:1100001014c0f32', 'picnic', 0),
	(930, 'steam:1100001014c0f32', 'sportlunch', 0),
	(931, 'steam:1100001014c0f32', 'Pike', 0),
	(932, 'steam:1100001014c0f32', 'hamburgare', 0),
	(933, 'steam:1100001014c0f32', 'bread', 0),
	(934, 'steam:1100001014c0f32', 'fixkit', 0),
	(935, 'steam:1100001014c0f32', 'bulletproof', 0),
	(936, 'steam:1100001014c0f32', 'meat', 0),
	(937, 'steam:1100001014c0f32', 'skruvar', 0),
	(938, 'steam:1100001014c0f32', 'ogrillad', 0),
	(939, 'steam:1100001014c0f32', 'Small Pike', 0),
	(940, 'steam:1100001014c0f32', 'oxygen_mask', 0),
	(941, 'steam:1100001014c0f32', 'grillad', 0),
	(942, 'steam:1100001014c0f32', 'sandwich', 0),
	(943, 'steam:1100001014c0f32', 'Big Pike', 0),
	(944, 'steam:1100001014c0f32', 'Salmon', 0),
	(945, 'steam:1100001014c0f32', 'phoneoff', 0),
	(946, 'steam:1100001014c0f32', 'water', 0),
	(947, 'steam:1100001014c0f32', 'potatis', 0),
	(948, 'steam:1100001014c0f32', 'redgull', 0),
	(949, 'steam:1100001014c0f32', 'klubba', 0),
	(950, 'steam:1100001014c0f32', 'Big Salmon', 0),
	(951, 'steam:1100001014c0f32', 'batteri', 0),
	(952, 'steam:1100001014c0f32', 'kaffe', 0),
	(953, 'steam:1100001014c0f32', 'powerade', 0),
	(954, 'steam:1100001014c0f32', 'Fishing Rod', 0),
	(955, 'steam:1100001014c0f32', 'apple', 0),
	(956, 'steam:1100001014c0f32', 'Fishing Lure', 0),
	(957, 'steam:1100001014c0f32', 'bandage', 24),
	(958, 'steam:1100001014c0f32', 'rose', 0),
	(959, 'steam:1100001014c0f32', 'lighter', 0),
	(960, 'steam:1100001014c0f32', 'plast', 0),
	(961, 'steam:1100001014c0f32', 'cola', 0),
	(962, 'steam:1100001014c0f32', 'aluminium', 0),
	(963, 'steam:1100001014c0f32', 'cigarett', 0),
	(964, 'steam:1100001014c0f32', 'skinn', 0),
	(965, 'steam:1100001014c0f32', 'buntband', 0),
	(966, 'steam:1100001014c0f32', 'Bass', 0),
	(967, 'steam:1100001014c0f32', 'encrypted_simcard', 0),
	(968, 'steam:1100001014c0f32', 'phone', 1),
	(969, 'steam:1100001014c0f32', 'bankkey', 0),
	(970, 'steam:1100001014c0f32', 'munk', 0),
	(971, 'steam:1100001014c0f32', 'korv', 0),
	(972, 'steam:1100001014c0f32', 'Big Bass', 0),
	(973, 'steam:1100001014c0f32', 'blowpipe', 0),
	(974, 'steam:1100001014c0f32', 'applemos', 0),
	(975, 'steam:1100001014c0f32', 'Small Salmon', 0),
	(976, 'steam:1100001014c0f32', 'donut', 0),
	(977, 'steam:11000010d84c1d1', 'wood', 0),
	(978, 'steam:11000010d84c1d1', 'metall', 0),
	(979, 'steam:11000010d84c1d1', 'blindfold', 0),
	(980, 'steam:11000010d84c1d1', 'anti', 0),
	(981, 'steam:11000010d84c1d1', 'leather', 0),
	(982, 'steam:11000010d84c1d1', 'policecard', 0),
	(983, 'steam:11000010d84c1d1', 'gym_membership', 0),
	(984, 'steam:11000010d84c1d1', 'umbrella', 0),
	(985, 'steam:11000010d84c1d1', 'protein_shake', 0),
	(986, 'steam:11000010d84c1d1', 'medikit', 0),
	(987, 'steam:11000010d84c1d1', 'steak', 0),
	(988, 'steam:11000010d84c1d1', 'Small Bass', 0),
	(989, 'steam:11000010d84c1d1', 'sportlunch', 0),
	(990, 'steam:11000010d84c1d1', 'picnic', 0),
	(991, 'steam:11000010d84c1d1', 'sprite', 0),
	(992, 'steam:11000010d84c1d1', 'bread', 0),
	(993, 'steam:11000010d84c1d1', 'fixkit', 0),
	(994, 'steam:11000010d84c1d1', 'hamburgare', 0),
	(995, 'steam:11000010d84c1d1', 'bulletproof', 0),
	(996, 'steam:11000010d84c1d1', 'Pike', 0),
	(997, 'steam:11000010d84c1d1', 'oxygen_mask', 0),
	(998, 'steam:11000010d84c1d1', 'skruvar', 0),
	(999, 'steam:11000010d84c1d1', 'ogrillad', 0),
	(1000, 'steam:11000010d84c1d1', 'Small Pike', 0),
	(1001, 'steam:11000010d84c1d1', 'meat', 0),
	(1002, 'steam:11000010d84c1d1', 'sandwich', 0),
	(1003, 'steam:11000010d84c1d1', 'grillad', 0),
	(1004, 'steam:11000010d84c1d1', 'Big Pike', 0),
	(1005, 'steam:11000010d84c1d1', 'phoneoff', 0),
	(1006, 'steam:11000010d84c1d1', 'Salmon', 0),
	(1007, 'steam:11000010d84c1d1', 'water', 0),
	(1008, 'steam:11000010d84c1d1', 'redgull', 0),
	(1009, 'steam:11000010d84c1d1', 'Big Salmon', 0),
	(1010, 'steam:11000010d84c1d1', 'potatis', 0),
	(1011, 'steam:11000010d84c1d1', 'klubba', 0),
	(1012, 'steam:11000010d84c1d1', 'batteri', 0),
	(1013, 'steam:11000010d84c1d1', 'powerade', 0),
	(1014, 'steam:11000010d84c1d1', 'apple', 0),
	(1015, 'steam:11000010d84c1d1', 'kaffe', 0),
	(1016, 'steam:11000010d84c1d1', 'Fishing Rod', 0),
	(1017, 'steam:11000010d84c1d1', 'plast', 0),
	(1018, 'steam:11000010d84c1d1', 'bandage', 0),
	(1019, 'steam:11000010d84c1d1', 'rose', 0),
	(1020, 'steam:11000010d84c1d1', 'Fishing Lure', 0),
	(1021, 'steam:11000010d84c1d1', 'lighter', 0),
	(1022, 'steam:11000010d84c1d1', 'skinn', 0),
	(1023, 'steam:11000010d84c1d1', 'aluminium', 0),
	(1024, 'steam:11000010d84c1d1', 'cola', 0),
	(1025, 'steam:11000010d84c1d1', 'buntband', 0),
	(1026, 'steam:11000010d84c1d1', 'cigarett', 0),
	(1027, 'steam:11000010d84c1d1', 'Bass', 0),
	(1028, 'steam:11000010d84c1d1', 'bankkey', 0),
	(1029, 'steam:11000010d84c1d1', 'munk', 0),
	(1030, 'steam:11000010d84c1d1', 'phone', 0),
	(1031, 'steam:11000010d84c1d1', 'encrypted_simcard', 0),
	(1032, 'steam:11000010d84c1d1', 'blowpipe', 0),
	(1033, 'steam:11000010d84c1d1', 'korv', 0),
	(1034, 'steam:11000010d84c1d1', 'Big Bass', 0),
	(1035, 'steam:11000010d84c1d1', 'Small Salmon', 0),
	(1036, 'steam:11000010d84c1d1', 'applemos', 0),
	(1037, 'steam:11000010d84c1d1', 'donut', 0),
	(1038, 'steam:11000010da0ad17', 'anti', 0),
	(1039, 'steam:11000010da0ad17', 'blindfold', 0),
	(1040, 'steam:11000010da0ad17', 'wood', 0),
	(1041, 'steam:11000010da0ad17', 'metall', 0),
	(1042, 'steam:11000010da0ad17', 'leather', 0),
	(1043, 'steam:11000010da0ad17', 'medikit', 0),
	(1044, 'steam:11000010da0ad17', 'protein_shake', 0),
	(1045, 'steam:11000010da0ad17', 'umbrella', 0),
	(1046, 'steam:11000010da0ad17', 'policecard', 1),
	(1047, 'steam:11000010da0ad17', 'gym_membership', 0),
	(1048, 'steam:11000010da0ad17', 'sprite', 0),
	(1049, 'steam:11000010da0ad17', 'steak', 0),
	(1050, 'steam:11000010da0ad17', 'picnic', 0),
	(1051, 'steam:11000010da0ad17', 'Small Bass', 0),
	(1052, 'steam:11000010da0ad17', 'sportlunch', 0),
	(1053, 'steam:11000010da0ad17', 'hamburgare', 0),
	(1054, 'steam:11000010da0ad17', 'bread', 0),
	(1055, 'steam:11000010da0ad17', 'bulletproof', 0),
	(1056, 'steam:11000010da0ad17', 'fixkit', 0),
	(1057, 'steam:11000010da0ad17', 'Pike', 0),
	(1058, 'steam:11000010da0ad17', 'ogrillad', 0),
	(1059, 'steam:11000010da0ad17', 'Small Pike', 0),
	(1060, 'steam:11000010da0ad17', 'meat', 0),
	(1061, 'steam:11000010da0ad17', 'oxygen_mask', 0),
	(1062, 'steam:11000010da0ad17', 'skruvar', 0),
	(1063, 'steam:11000010da0ad17', 'Big Pike', 0),
	(1064, 'steam:11000010da0ad17', 'phoneoff', 0),
	(1065, 'steam:11000010da0ad17', 'grillad', 0),
	(1066, 'steam:11000010da0ad17', 'sandwich', 0),
	(1067, 'steam:11000010da0ad17', 'Salmon', 0),
	(1068, 'steam:11000010da0ad17', 'water', 0),
	(1069, 'steam:11000010da0ad17', 'klubba', 0),
	(1070, 'steam:11000010da0ad17', 'potatis', 0),
	(1071, 'steam:11000010da0ad17', 'redgull', 0),
	(1072, 'steam:11000010da0ad17', 'Big Salmon', 0),
	(1073, 'steam:11000010da0ad17', 'kaffe', 0),
	(1074, 'steam:11000010da0ad17', 'apple', 0),
	(1075, 'steam:11000010da0ad17', 'Fishing Rod', 1),
	(1076, 'steam:11000010da0ad17', 'batteri', 0),
	(1077, 'steam:11000010da0ad17', 'powerade', 0),
	(1078, 'steam:11000010da0ad17', 'Fishing Lure', 19),
	(1079, 'steam:11000010da0ad17', 'lighter', 0),
	(1080, 'steam:11000010da0ad17', 'bandage', 0),
	(1081, 'steam:11000010da0ad17', 'rose', 0),
	(1082, 'steam:11000010da0ad17', 'plast', 0),
	(1083, 'steam:11000010da0ad17', 'buntband', 0),
	(1084, 'steam:11000010da0ad17', 'skinn', 0),
	(1085, 'steam:11000010da0ad17', 'cigarett', 0),
	(1086, 'steam:11000010da0ad17', 'aluminium', 0),
	(1087, 'steam:11000010da0ad17', 'cola', 0),
	(1088, 'steam:11000010da0ad17', 'phone', 1),
	(1089, 'steam:11000010da0ad17', 'encrypted_simcard', 1),
	(1090, 'steam:11000010da0ad17', 'bankkey', 1),
	(1091, 'steam:11000010da0ad17', 'munk', 0),
	(1092, 'steam:11000010da0ad17', 'Bass', 0),
	(1093, 'steam:11000010da0ad17', 'Small Salmon', 0),
	(1094, 'steam:11000010da0ad17', 'blowpipe', 0),
	(1095, 'steam:11000010da0ad17', 'Big Bass', 0),
	(1096, 'steam:11000010da0ad17', 'applemos', 0),
	(1097, 'steam:11000010da0ad17', 'korv', 0),
	(1098, 'steam:11000010da0ad17', 'donut', 0),
	(1099, 'steam:110000117f2b3c9', 'metall', 0),
	(1100, 'steam:110000117f2b3c9', 'blindfold', 0),
	(1101, 'steam:110000117f2b3c9', 'anti', 0),
	(1102, 'steam:110000117f2b3c9', 'leather', 0),
	(1103, 'steam:110000117f2b3c9', 'wood', 0),
	(1104, 'steam:110000117f2b3c9', 'gym_membership', 0),
	(1105, 'steam:110000117f2b3c9', 'policecard', 0),
	(1106, 'steam:110000117f2b3c9', 'protein_shake', 0),
	(1107, 'steam:110000117f2b3c9', 'medikit', 0),
	(1108, 'steam:110000117f2b3c9', 'umbrella', 0),
	(1109, 'steam:110000117f2b3c9', 'picnic', 0),
	(1110, 'steam:110000117f2b3c9', 'sprite', 0),
	(1111, 'steam:110000117f2b3c9', 'steak', 0),
	(1112, 'steam:110000117f2b3c9', 'Small Bass', 0),
	(1113, 'steam:110000117f2b3c9', 'sportlunch', 0),
	(1114, 'steam:110000117f2b3c9', 'fixkit', 0),
	(1115, 'steam:110000117f2b3c9', 'bulletproof', 0),
	(1116, 'steam:110000117f2b3c9', 'hamburgare', 0),
	(1117, 'steam:110000117f2b3c9', 'Pike', 0),
	(1118, 'steam:110000117f2b3c9', 'bread', 0),
	(1119, 'steam:110000117f2b3c9', 'ogrillad', 0),
	(1120, 'steam:110000117f2b3c9', 'oxygen_mask', 0),
	(1121, 'steam:110000117f2b3c9', 'Small Pike', 0),
	(1122, 'steam:110000117f2b3c9', 'meat', 0),
	(1123, 'steam:110000117f2b3c9', 'skruvar', 0),
	(1124, 'steam:110000117f2b3c9', 'Big Pike', 0),
	(1125, 'steam:110000117f2b3c9', 'sandwich', 0),
	(1126, 'steam:110000117f2b3c9', 'grillad', 0),
	(1127, 'steam:110000117f2b3c9', 'Salmon', 0),
	(1128, 'steam:110000117f2b3c9', 'phoneoff', 0),
	(1129, 'steam:110000117f2b3c9', 'water', 0),
	(1130, 'steam:110000117f2b3c9', 'potatis', 0),
	(1131, 'steam:110000117f2b3c9', 'Big Salmon', 0),
	(1132, 'steam:110000117f2b3c9', 'redgull', 0),
	(1133, 'steam:110000117f2b3c9', 'klubba', 0),
	(1134, 'steam:110000117f2b3c9', 'Fishing Rod', 0),
	(1135, 'steam:110000117f2b3c9', 'apple', 0),
	(1136, 'steam:110000117f2b3c9', 'kaffe', 0),
	(1137, 'steam:110000117f2b3c9', 'powerade', 0),
	(1138, 'steam:110000117f2b3c9', 'batteri', 0),
	(1139, 'steam:110000117f2b3c9', 'plast', 0),
	(1140, 'steam:110000117f2b3c9', 'rose', 0),
	(1141, 'steam:110000117f2b3c9', 'Fishing Lure', 0),
	(1142, 'steam:110000117f2b3c9', 'lighter', 0),
	(1143, 'steam:110000117f2b3c9', 'bandage', 0),
	(1144, 'steam:110000117f2b3c9', 'aluminium', 0),
	(1145, 'steam:110000117f2b3c9', 'cola', 0),
	(1146, 'steam:110000117f2b3c9', 'skinn', 0),
	(1147, 'steam:110000117f2b3c9', 'buntband', 0),
	(1148, 'steam:110000117f2b3c9', 'cigarett', 0),
	(1149, 'steam:110000117f2b3c9', 'phone', 0),
	(1150, 'steam:110000117f2b3c9', 'Bass', 0),
	(1151, 'steam:110000117f2b3c9', 'munk', 0),
	(1152, 'steam:110000117f2b3c9', 'bankkey', 0),
	(1153, 'steam:110000117f2b3c9', 'encrypted_simcard', 0),
	(1154, 'steam:110000117f2b3c9', 'blowpipe', 0),
	(1155, 'steam:110000117f2b3c9', 'korv', 0),
	(1156, 'steam:110000117f2b3c9', 'applemos', 0),
	(1157, 'steam:110000117f2b3c9', 'Big Bass', 0),
	(1158, 'steam:110000117f2b3c9', 'Small Salmon', 0),
	(1159, 'steam:110000117f2b3c9', 'donut', 0),
	(1221, 'steam:11000010e17cc5d', 'anti', 0),
	(1222, 'steam:11000010e17cc5d', 'metall', 0),
	(1223, 'steam:11000010e17cc5d', 'wood', 0),
	(1224, 'steam:11000010e17cc5d', 'blindfold', 0),
	(1225, 'steam:11000010e17cc5d', 'leather', 0),
	(1226, 'steam:11000010e17cc5d', 'umbrella', 0),
	(1227, 'steam:11000010e17cc5d', 'gym_membership', 0),
	(1228, 'steam:11000010e17cc5d', 'policecard', 0),
	(1229, 'steam:11000010e17cc5d', 'protein_shake', 0),
	(1230, 'steam:11000010e17cc5d', 'medikit', 0),
	(1231, 'steam:11000010e17cc5d', 'sprite', 0),
	(1232, 'steam:11000010e17cc5d', 'picnic', 0),
	(1233, 'steam:11000010e17cc5d', 'steak', 0),
	(1234, 'steam:11000010e17cc5d', 'sportlunch', 0),
	(1235, 'steam:11000010e17cc5d', 'Small Bass', 0),
	(1236, 'steam:11000010e17cc5d', 'hamburgare', 0),
	(1237, 'steam:11000010e17cc5d', 'fixkit', 0),
	(1238, 'steam:11000010e17cc5d', 'bread', 0),
	(1239, 'steam:11000010e17cc5d', 'bulletproof', 0),
	(1240, 'steam:11000010e17cc5d', 'Pike', 0),
	(1241, 'steam:11000010e17cc5d', 'Small Pike', 0),
	(1242, 'steam:11000010e17cc5d', 'ogrillad', 0),
	(1243, 'steam:11000010e17cc5d', 'oxygen_mask', 0),
	(1244, 'steam:11000010e17cc5d', 'meat', 0),
	(1245, 'steam:11000010e17cc5d', 'skruvar', 0),
	(1246, 'steam:11000010e17cc5d', 'Big Pike', 0),
	(1247, 'steam:11000010e17cc5d', 'phoneoff', 0),
	(1248, 'steam:11000010e17cc5d', 'Salmon', 0),
	(1249, 'steam:11000010e17cc5d', 'grillad', 0),
	(1250, 'steam:11000010e17cc5d', 'sandwich', 0),
	(1251, 'steam:11000010e17cc5d', 'Big Salmon', 0),
	(1252, 'steam:11000010e17cc5d', 'klubba', 0),
	(1253, 'steam:11000010e17cc5d', 'redgull', 0),
	(1254, 'steam:11000010e17cc5d', 'potatis', 0),
	(1255, 'steam:11000010e17cc5d', 'water', 0),
	(1256, 'steam:11000010e17cc5d', 'apple', 0),
	(1257, 'steam:11000010e17cc5d', 'Fishing Rod', 0),
	(1258, 'steam:11000010e17cc5d', 'powerade', 0),
	(1259, 'steam:11000010e17cc5d', 'kaffe', 0),
	(1260, 'steam:11000010e17cc5d', 'batteri', 0),
	(1261, 'steam:11000010e17cc5d', 'rose', 0),
	(1262, 'steam:11000010e17cc5d', 'plast', 0),
	(1263, 'steam:11000010e17cc5d', 'lighter', 0),
	(1264, 'steam:11000010e17cc5d', 'bandage', 0),
	(1265, 'steam:11000010e17cc5d', 'Fishing Lure', 0),
	(1266, 'steam:11000010e17cc5d', 'cigarett', 0),
	(1267, 'steam:11000010e17cc5d', 'skinn', 0),
	(1268, 'steam:11000010e17cc5d', 'aluminium', 0),
	(1269, 'steam:11000010e17cc5d', 'buntband', 0),
	(1270, 'steam:11000010e17cc5d', 'cola', 0),
	(1271, 'steam:11000010e17cc5d', 'phone', 0),
	(1272, 'steam:11000010e17cc5d', 'munk', 0),
	(1273, 'steam:11000010e17cc5d', 'bankkey', 0),
	(1274, 'steam:11000010e17cc5d', 'Bass', 0),
	(1275, 'steam:11000010e17cc5d', 'encrypted_simcard', 0),
	(1276, 'steam:11000010e17cc5d', 'korv', 0),
	(1277, 'steam:11000010e17cc5d', 'blowpipe', 0),
	(1278, 'steam:11000010e17cc5d', 'applemos', 0),
	(1279, 'steam:11000010e17cc5d', 'Small Salmon', 0),
	(1280, 'steam:11000010e17cc5d', 'Big Bass', 0),
	(1281, 'steam:11000010e17cc5d', 'donut', 0),
	(1282, 'Char2:11000010e17cc5d', 'leather', 0),
	(1283, 'Char2:11000010e17cc5d', 'anti', 0),
	(1284, 'Char2:11000010e17cc5d', 'metall', 0),
	(1285, 'Char2:11000010e17cc5d', 'wood', 20),
	(1286, 'Char2:11000010e17cc5d', 'blindfold', 0),
	(1287, 'Char2:11000010e17cc5d', 'gym_membership', 0),
	(1288, 'Char2:11000010e17cc5d', 'protein_shake', 0),
	(1289, 'Char2:11000010e17cc5d', 'umbrella', 0),
	(1290, 'Char2:11000010e17cc5d', 'medikit', 0),
	(1291, 'Char2:11000010e17cc5d', 'policecard', 0),
	(1292, 'Char2:11000010e17cc5d', 'picnic', 0),
	(1293, 'Char2:11000010e17cc5d', 'sportlunch', 0),
	(1294, 'Char2:11000010e17cc5d', 'steak', 0),
	(1295, 'Char2:11000010e17cc5d', 'Small Bass', 0),
	(1296, 'Char2:11000010e17cc5d', 'sprite', 0),
	(1297, 'Char2:11000010e17cc5d', 'bulletproof', 0),
	(1298, 'Char2:11000010e17cc5d', 'Pike', 0),
	(1299, 'Char2:11000010e17cc5d', 'fixkit', 0),
	(1300, 'Char2:11000010e17cc5d', 'hamburgare', 0),
	(1301, 'Char2:11000010e17cc5d', 'bread', 0),
	(1302, 'Char2:11000010e17cc5d', 'ogrillad', 0),
	(1303, 'Char2:11000010e17cc5d', 'oxygen_mask', 0),
	(1304, 'Char2:11000010e17cc5d', 'skruvar', 0),
	(1305, 'Char2:11000010e17cc5d', 'Small Pike', 0),
	(1306, 'Char2:11000010e17cc5d', 'meat', 0),
	(1307, 'Char2:11000010e17cc5d', 'sandwich', 0),
	(1308, 'Char2:11000010e17cc5d', 'Big Pike', 0),
	(1309, 'Char2:11000010e17cc5d', 'grillad', 0),
	(1310, 'Char2:11000010e17cc5d', 'Salmon', 0),
	(1311, 'Char2:11000010e17cc5d', 'phoneoff', 0),
	(1312, 'Char2:11000010e17cc5d', 'water', 0),
	(1313, 'Char2:11000010e17cc5d', 'potatis', 0),
	(1314, 'Char2:11000010e17cc5d', 'klubba', 0),
	(1315, 'Char2:11000010e17cc5d', 'Big Salmon', 0),
	(1316, 'Char2:11000010e17cc5d', 'redgull', 0),
	(1317, 'Char2:11000010e17cc5d', 'Fishing Rod', 0),
	(1318, 'Char2:11000010e17cc5d', 'batteri', 0),
	(1319, 'Char2:11000010e17cc5d', 'apple', 0),
	(1320, 'Char2:11000010e17cc5d', 'powerade', 0),
	(1321, 'Char2:11000010e17cc5d', 'kaffe', 0),
	(1322, 'Char2:11000010e17cc5d', 'plast', 0),
	(1323, 'Char2:11000010e17cc5d', 'bandage', 0),
	(1324, 'Char2:11000010e17cc5d', 'lighter', 0),
	(1325, 'Char2:11000010e17cc5d', 'rose', 0),
	(1326, 'Char2:11000010e17cc5d', 'Fishing Lure', 0),
	(1327, 'Char2:11000010e17cc5d', 'buntband', 0),
	(1328, 'Char2:11000010e17cc5d', 'cigarett', 0),
	(1329, 'Char2:11000010e17cc5d', 'aluminium', 0),
	(1330, 'Char2:11000010e17cc5d', 'cola', 0),
	(1331, 'Char2:11000010e17cc5d', 'skinn', 0),
	(1332, 'Char2:11000010e17cc5d', 'munk', 0),
	(1333, 'Char2:11000010e17cc5d', 'bankkey', 0),
	(1334, 'Char2:11000010e17cc5d', 'phone', 0),
	(1335, 'Char2:11000010e17cc5d', 'Bass', 0),
	(1336, 'Char2:11000010e17cc5d', 'encrypted_simcard', 0),
	(1337, 'Char2:11000010e17cc5d', 'blowpipe', 0),
	(1338, 'Char2:11000010e17cc5d', 'Small Salmon', 0),
	(1339, 'Char2:11000010e17cc5d', 'Big Bass', 0),
	(1340, 'Char2:11000010e17cc5d', 'applemos', 0),
	(1341, 'Char2:11000010e17cc5d', 'korv', 0),
	(1342, 'Char2:11000010e17cc5d', 'donut', 0),
	(1343, 'steam:1100001154e1295', 'blindfold', 0),
	(1344, 'steam:1100001154e1295', 'anti', 0),
	(1345, 'steam:1100001154e1295', 'wood', 0),
	(1346, 'steam:1100001154e1295', 'leather', 0),
	(1347, 'steam:1100001154e1295', 'metall', 0),
	(1348, 'steam:1100001154e1295', 'umbrella', 0),
	(1349, 'steam:1100001154e1295', 'protein_shake', 0),
	(1350, 'steam:1100001154e1295', 'policecard', 0),
	(1351, 'steam:1100001154e1295', 'gym_membership', 0),
	(1352, 'steam:1100001154e1295', 'medikit', 0),
	(1353, 'steam:1100001154e1295', 'picnic', 0),
	(1354, 'steam:1100001154e1295', 'sprite', 0),
	(1355, 'steam:1100001154e1295', 'steak', 0),
	(1356, 'steam:1100001154e1295', 'Small Bass', 0),
	(1357, 'steam:1100001154e1295', 'sportlunch', 0),
	(1358, 'steam:1100001154e1295', 'bulletproof', 0),
	(1359, 'steam:1100001154e1295', 'hamburgare', 0),
	(1360, 'steam:1100001154e1295', 'bread', 0),
	(1361, 'steam:1100001154e1295', 'fixkit', 0),
	(1362, 'steam:1100001154e1295', 'Pike', 0),
	(1363, 'steam:1100001154e1295', 'oxygen_mask', 0),
	(1364, 'steam:1100001154e1295', 'ogrillad', 0),
	(1365, 'steam:1100001154e1295', 'Small Pike', 0),
	(1366, 'steam:1100001154e1295', 'meat', 0),
	(1367, 'steam:1100001154e1295', 'skruvar', 0),
	(1368, 'steam:1100001154e1295', 'phoneoff', 0),
	(1369, 'steam:1100001154e1295', 'Salmon', 0),
	(1370, 'steam:1100001154e1295', 'sandwich', 0),
	(1371, 'steam:1100001154e1295', 'Big Pike', 0),
	(1372, 'steam:1100001154e1295', 'grillad', 0),
	(1373, 'steam:1100001154e1295', 'water', 0),
	(1374, 'steam:1100001154e1295', 'klubba', 0),
	(1375, 'steam:1100001154e1295', 'Big Salmon', 0),
	(1376, 'steam:1100001154e1295', 'potatis', 0),
	(1377, 'steam:1100001154e1295', 'redgull', 0),
	(1378, 'steam:1100001154e1295', 'apple', 0),
	(1379, 'steam:1100001154e1295', 'Fishing Rod', 0),
	(1380, 'steam:1100001154e1295', 'powerade', 0),
	(1381, 'steam:1100001154e1295', 'batteri', 0),
	(1382, 'steam:1100001154e1295', 'kaffe', 0),
	(1383, 'steam:1100001154e1295', 'plast', 0),
	(1384, 'steam:1100001154e1295', 'bandage', 0),
	(1385, 'steam:1100001154e1295', 'rose', 0),
	(1386, 'steam:1100001154e1295', 'Fishing Lure', 0),
	(1387, 'steam:1100001154e1295', 'lighter', 0),
	(1388, 'steam:1100001154e1295', 'cola', 0),
	(1389, 'steam:1100001154e1295', 'aluminium', 0),
	(1390, 'steam:1100001154e1295', 'cigarett', 0),
	(1391, 'steam:1100001154e1295', 'buntband', 0),
	(1392, 'steam:1100001154e1295', 'skinn', 0),
	(1393, 'steam:1100001154e1295', 'phone', 0),
	(1394, 'steam:1100001154e1295', 'Bass', 0),
	(1395, 'steam:1100001154e1295', 'encrypted_simcard', 0),
	(1396, 'steam:1100001154e1295', 'bankkey', 0),
	(1397, 'steam:1100001154e1295', 'munk', 0),
	(1398, 'steam:1100001154e1295', 'korv', 0),
	(1399, 'steam:1100001154e1295', 'blowpipe', 0),
	(1400, 'steam:1100001154e1295', 'Small Salmon', 0),
	(1401, 'steam:1100001154e1295', 'applemos', 0),
	(1402, 'steam:1100001154e1295', 'Big Bass', 0),
	(1403, 'steam:1100001154e1295', 'donut', 0),
	(1404, 'steam:11000010f2c4a51', 'blindfold', 0),
	(1405, 'steam:11000010f2c4a51', 'wood', 0),
	(1406, 'steam:11000010f2c4a51', 'leather', 0),
	(1407, 'steam:11000010f2c4a51', 'anti', 0),
	(1408, 'steam:11000010f2c4a51', 'metall', 0),
	(1409, 'steam:11000010f2c4a51', 'umbrella', 0),
	(1410, 'steam:11000010f2c4a51', 'policecard', 0),
	(1411, 'steam:11000010f2c4a51', 'protein_shake', 0),
	(1412, 'steam:11000010f2c4a51', 'gym_membership', 0),
	(1413, 'steam:11000010f2c4a51', 'medikit', 0),
	(1414, 'steam:11000010f2c4a51', 'steak', 0),
	(1415, 'steam:11000010f2c4a51', 'sprite', 0),
	(1416, 'steam:11000010f2c4a51', 'Small Bass', 0),
	(1417, 'steam:11000010f2c4a51', 'sportlunch', 0),
	(1418, 'steam:11000010f2c4a51', 'picnic', 0),
	(1419, 'steam:11000010f2c4a51', 'bread', 0),
	(1420, 'steam:11000010f2c4a51', 'hamburgare', 0),
	(1421, 'steam:11000010f2c4a51', 'Pike', 0),
	(1422, 'steam:11000010f2c4a51', 'fixkit', 0),
	(1423, 'steam:11000010f2c4a51', 'bulletproof', 0),
	(1424, 'steam:11000010f2c4a51', 'oxygen_mask', 0),
	(1425, 'steam:11000010f2c4a51', 'ogrillad', 0),
	(1426, 'steam:11000010f2c4a51', 'skruvar', 0),
	(1427, 'steam:11000010f2c4a51', 'Small Pike', 0),
	(1428, 'steam:11000010f2c4a51', 'meat', 0),
	(1429, 'steam:11000010f2c4a51', 'Salmon', 0),
	(1430, 'steam:11000010f2c4a51', 'sandwich', 0),
	(1431, 'steam:11000010f2c4a51', 'grillad', 0),
	(1432, 'steam:11000010f2c4a51', 'phoneoff', 0),
	(1433, 'steam:11000010f2c4a51', 'Big Pike', 0),
	(1434, 'steam:11000010f2c4a51', 'water', 0),
	(1435, 'steam:11000010f2c4a51', 'klubba', 0),
	(1436, 'steam:11000010f2c4a51', 'potatis', 0),
	(1437, 'steam:11000010f2c4a51', 'redgull', 0),
	(1438, 'steam:11000010f2c4a51', 'Big Salmon', 0),
	(1439, 'steam:11000010f2c4a51', 'batteri', 0),
	(1440, 'steam:11000010f2c4a51', 'Fishing Rod', 0),
	(1441, 'steam:11000010f2c4a51', 'apple', 0),
	(1442, 'steam:11000010f2c4a51', 'kaffe', 0),
	(1443, 'steam:11000010f2c4a51', 'powerade', 0),
	(1444, 'steam:11000010f2c4a51', 'lighter', 0),
	(1445, 'steam:11000010f2c4a51', 'Fishing Lure', 0),
	(1446, 'steam:11000010f2c4a51', 'rose', 0),
	(1447, 'steam:11000010f2c4a51', 'plast', 0),
	(1448, 'steam:11000010f2c4a51', 'bandage', 0),
	(1449, 'steam:11000010f2c4a51', 'cigarett', 0),
	(1450, 'steam:11000010f2c4a51', 'aluminium', 0),
	(1451, 'steam:11000010f2c4a51', 'skinn', 0),
	(1452, 'steam:11000010f2c4a51', 'cola', 0),
	(1453, 'steam:11000010f2c4a51', 'buntband', 0),
	(1454, 'steam:11000010f2c4a51', 'encrypted_simcard', 0),
	(1455, 'steam:11000010f2c4a51', 'phone', 1),
	(1456, 'steam:11000010f2c4a51', 'Bass', 0),
	(1457, 'steam:11000010f2c4a51', 'bankkey', 0),
	(1458, 'steam:11000010f2c4a51', 'munk', 0),
	(1459, 'steam:11000010f2c4a51', 'Big Bass', 0),
	(1460, 'steam:11000010f2c4a51', 'applemos', 0),
	(1461, 'steam:11000010f2c4a51', 'blowpipe', 0),
	(1462, 'steam:11000010f2c4a51', 'Small Salmon', 0),
	(1463, 'steam:11000010f2c4a51', 'korv', 0),
	(1464, 'steam:11000010f2c4a51', 'donut', 0),
	(1465, 'steam:11000010f673004', 'steak', 0),
	(1466, 'steam:11000010f673004', 'Big Bass', 0),
	(1467, 'steam:11000010f673004', 'aluminium', 0),
	(1468, 'steam:11000010f673004', 'donut', 0),
	(1469, 'steam:11000010f673004', 'sprite', 0),
	(1470, 'steam:11000010f673004', 'Big Salmon', 0),
	(1471, 'steam:11000010f673004', 'policecard', 1),
	(1472, 'steam:11000010f673004', 'picnic', 0),
	(1473, 'steam:11000010f673004', 'applemos', 0),
	(1474, 'steam:11000010f673004', 'Fishing Lure', 0),
	(1475, 'steam:11000010f673004', 'fixkit', 0),
	(1476, 'steam:11000010f673004', 'batteri', 0),
	(1477, 'steam:11000010f673004', 'apple', 0),
	(1478, 'steam:11000010f673004', 'bandage', 25),
	(1479, 'steam:11000010f673004', 'korv', 0),
	(1480, 'steam:11000010f673004', 'anti', 0),
	(1481, 'steam:11000010f673004', 'Small Pike', 0),
	(1482, 'steam:11000010f673004', 'bankkey', 0),
	(1483, 'steam:11000010f673004', 'Bass', 0),
	(1484, 'steam:11000010f673004', 'leather', 0),
	(1485, 'steam:11000010f673004', 'bread', 0),
	(1486, 'steam:11000010f673004', 'metall', 0),
	(1487, 'steam:11000010f673004', 'powerade', 0),
	(1488, 'steam:11000010f673004', 'Small Bass', 0),
	(1489, 'steam:11000010f673004', 'skinn', 0),
	(1490, 'steam:11000010f673004', 'sandwich', 0),
	(1491, 'steam:11000010f673004', 'munk', 0),
	(1492, 'steam:11000010f673004', 'skruvar', 0),
	(1493, 'steam:11000010f673004', 'redgull', 0),
	(1494, 'steam:11000010f673004', 'water', 0),
	(1495, 'steam:11000010f673004', 'Salmon', 0),
	(1496, 'steam:11000010f673004', 'meat', 0),
	(1497, 'steam:11000010f673004', 'klubba', 0),
	(1498, 'steam:11000010f673004', 'protein_shake', 0),
	(1499, 'steam:11000010f673004', 'Big Pike', 0),
	(1500, 'steam:11000010f673004', 'potatis', 0),
	(1501, 'steam:11000010f673004', 'buntband', 0),
	(1502, 'steam:11000010f673004', 'kaffe', 0),
	(1503, 'steam:11000010f673004', 'phone', 1),
	(1504, 'steam:11000010f673004', 'oxygen_mask', 0),
	(1505, 'steam:11000010f673004', 'wood', 0),
	(1506, 'steam:11000010f673004', 'hamburgare', 0),
	(1507, 'steam:11000010f673004', 'plast', 0),
	(1508, 'steam:11000010f673004', 'Pike', 0),
	(1509, 'steam:11000010f673004', 'cola', 0),
	(1510, 'steam:11000010f673004', 'ogrillad', 0),
	(1511, 'steam:11000010f673004', 'phoneoff', 0),
	(1512, 'steam:11000010f673004', 'umbrella', 0),
	(1513, 'steam:11000010f673004', 'cigarett', 0),
	(1514, 'steam:11000010f673004', 'lighter', 0),
	(1515, 'steam:11000010f673004', 'grillad', 0),
	(1516, 'steam:11000010f673004', 'Small Salmon', 0),
	(1517, 'steam:11000010f673004', 'gym_membership', 0),
	(1518, 'steam:11000010f673004', 'encrypted_simcard', 0),
	(1519, 'steam:11000010f673004', 'blowpipe', 0),
	(1520, 'steam:11000010f673004', 'rose', 0),
	(1521, 'steam:11000010f673004', 'bulletproof', 0),
	(1522, 'steam:11000010f673004', 'Fishing Rod', 0),
	(1523, 'steam:11000010f673004', 'medikit', 10),
	(1524, 'steam:11000010f673004', 'sportlunch', 0),
	(1525, 'steam:11000010f673004', 'blindfold', 0),
	(1526, 'steam:11000011b49bddc', 'steak', 0),
	(1527, 'steam:11000011b49bddc', 'sprite', 0),
	(1528, 'steam:11000011b49bddc', 'donut', 1),
	(1529, 'steam:11000011b49bddc', 'aluminium', 0),
	(1530, 'steam:11000011b49bddc', 'Big Bass', 0),
	(1531, 'steam:11000011b49bddc', 'Fishing Lure', 8),
	(1532, 'steam:11000011b49bddc', 'policecard', 0),
	(1533, 'steam:11000011b49bddc', 'Big Salmon', 0),
	(1534, 'steam:11000011b49bddc', 'picnic', 0),
	(1535, 'steam:11000011b49bddc', 'applemos', 0),
	(1536, 'steam:11000011b49bddc', 'korv', 0),
	(1537, 'steam:11000011b49bddc', 'batteri', 0),
	(1538, 'steam:11000011b49bddc', 'apple', 0),
	(1539, 'steam:11000011b49bddc', 'bandage', 0),
	(1540, 'steam:11000011b49bddc', 'fixkit', 133),
	(1541, 'steam:11000011b49bddc', 'Bass', 0),
	(1542, 'steam:11000011b49bddc', 'Small Pike', 0),
	(1543, 'steam:11000011b49bddc', 'leather', 0),
	(1544, 'steam:11000011b49bddc', 'anti', 0),
	(1545, 'steam:11000011b49bddc', 'bankkey', 0),
	(1546, 'steam:11000011b49bddc', 'skruvar', 0),
	(1547, 'steam:11000011b49bddc', 'Small Bass', 0),
	(1548, 'steam:11000011b49bddc', 'powerade', 0),
	(1549, 'steam:11000011b49bddc', 'metall', 0),
	(1550, 'steam:11000011b49bddc', 'bread', 0),
	(1551, 'steam:11000011b49bddc', 'munk', 0),
	(1552, 'steam:11000011b49bddc', 'skinn', 0),
	(1553, 'steam:11000011b49bddc', 'water', 0),
	(1554, 'steam:11000011b49bddc', 'redgull', 0),
	(1555, 'steam:11000011b49bddc', 'sandwich', 0),
	(1556, 'steam:11000011b49bddc', 'protein_shake', 0),
	(1557, 'steam:11000011b49bddc', 'potatis', 0),
	(1558, 'steam:11000011b49bddc', 'Salmon', 0),
	(1559, 'steam:11000011b49bddc', 'meat', 0),
	(1560, 'steam:11000011b49bddc', 'klubba', 0),
	(1561, 'steam:11000011b49bddc', 'buntband', 0),
	(1562, 'steam:11000011b49bddc', 'Big Pike', 0),
	(1563, 'steam:11000011b49bddc', 'kaffe', 0),
	(1564, 'steam:11000011b49bddc', 'hamburgare', 0),
	(1565, 'steam:11000011b49bddc', 'phone', 1),
	(1566, 'steam:11000011b49bddc', 'phoneoff', 0),
	(1567, 'steam:11000011b49bddc', 'Pike', 0),
	(1568, 'steam:11000011b49bddc', 'wood', 0),
	(1569, 'steam:11000011b49bddc', 'oxygen_mask', 0),
	(1570, 'steam:11000011b49bddc', 'plast', 0),
	(1571, 'steam:11000011b49bddc', 'lighter', 0),
	(1572, 'steam:11000011b49bddc', 'cigarett', 0),
	(1573, 'steam:11000011b49bddc', 'ogrillad', 0),
	(1574, 'steam:11000011b49bddc', 'umbrella', 0),
	(1575, 'steam:11000011b49bddc', 'cola', 0),
	(1576, 'steam:11000011b49bddc', 'encrypted_simcard', 0),
	(1577, 'steam:11000011b49bddc', 'Small Salmon', 0),
	(1578, 'steam:11000011b49bddc', 'gym_membership', 0),
	(1579, 'steam:11000011b49bddc', 'rose', 0),
	(1580, 'steam:11000011b49bddc', 'grillad', 0),
	(1581, 'steam:11000011b49bddc', 'Fishing Rod', 1),
	(1582, 'steam:11000011b49bddc', 'bulletproof', 0),
	(1583, 'steam:11000011b49bddc', 'sportlunch', 0),
	(1584, 'steam:11000011b49bddc', 'blowpipe', 59),
	(1585, 'steam:11000011b49bddc', 'medikit', 0),
	(1586, 'steam:11000011b49bddc', 'blindfold', 0),
	(1587, 'steam:110000136e66411', 'steak', 0),
	(1588, 'steam:110000136e66411', 'sprite', 0),
	(1589, 'steam:110000136e66411', 'Big Bass', 0),
	(1590, 'steam:110000136e66411', 'aluminium', 0),
	(1591, 'steam:110000136e66411', 'donut', 0),
	(1592, 'steam:110000136e66411', 'Fishing Lure', 0),
	(1593, 'steam:110000136e66411', 'Big Salmon', 0),
	(1594, 'steam:110000136e66411', 'picnic', 0),
	(1595, 'steam:110000136e66411', 'policecard', 0),
	(1596, 'steam:110000136e66411', 'applemos', 0),
	(1597, 'steam:110000136e66411', 'korv', 0),
	(1598, 'steam:110000136e66411', 'bandage', 0),
	(1599, 'steam:110000136e66411', 'fixkit', 0),
	(1600, 'steam:110000136e66411', 'batteri', 0),
	(1601, 'steam:110000136e66411', 'apple', 0),
	(1602, 'steam:110000136e66411', 'Small Pike', 0),
	(1603, 'steam:110000136e66411', 'Bass', 0),
	(1604, 'steam:110000136e66411', 'leather', 0),
	(1605, 'steam:110000136e66411', 'bankkey', 0),
	(1606, 'steam:110000136e66411', 'anti', 0),
	(1607, 'steam:110000136e66411', 'bread', 0),
	(1608, 'steam:110000136e66411', 'metall', 0),
	(1609, 'steam:110000136e66411', 'skruvar', 0),
	(1610, 'steam:110000136e66411', 'Small Bass', 0),
	(1611, 'steam:110000136e66411', 'powerade', 0),
	(1612, 'steam:110000136e66411', 'water', 0),
	(1613, 'steam:110000136e66411', 'skinn', 0),
	(1614, 'steam:110000136e66411', 'munk', 0),
	(1615, 'steam:110000136e66411', 'sandwich', 0),
	(1616, 'steam:110000136e66411', 'redgull', 0),
	(1617, 'steam:110000136e66411', 'meat', 0),
	(1618, 'steam:110000136e66411', 'klubba', 0),
	(1619, 'steam:110000136e66411', 'potatis', 0),
	(1620, 'steam:110000136e66411', 'protein_shake', 0),
	(1621, 'steam:110000136e66411', 'Salmon', 0),
	(1622, 'steam:110000136e66411', 'hamburgare', 0),
	(1623, 'steam:110000136e66411', 'Big Pike', 0),
	(1624, 'steam:110000136e66411', 'buntband', 0),
	(1625, 'steam:110000136e66411', 'phone', 0),
	(1626, 'steam:110000136e66411', 'kaffe', 0),
	(1627, 'steam:110000136e66411', 'phoneoff', 0),
	(1628, 'steam:110000136e66411', 'plast', 0),
	(1629, 'steam:110000136e66411', 'Pike', 0),
	(1630, 'steam:110000136e66411', 'wood', 0),
	(1631, 'steam:110000136e66411', 'oxygen_mask', 0),
	(1632, 'steam:110000136e66411', 'umbrella', 0),
	(1633, 'steam:110000136e66411', 'lighter', 0),
	(1634, 'steam:110000136e66411', 'cola', 0),
	(1635, 'steam:110000136e66411', 'ogrillad', 0),
	(1636, 'steam:110000136e66411', 'cigarett', 0),
	(1637, 'steam:110000136e66411', 'Small Salmon', 0),
	(1638, 'steam:110000136e66411', 'rose', 0),
	(1639, 'steam:110000136e66411', 'gym_membership', 0),
	(1640, 'steam:110000136e66411', 'encrypted_simcard', 0),
	(1641, 'steam:110000136e66411', 'grillad', 0),
	(1642, 'steam:110000136e66411', 'bulletproof', 0),
	(1643, 'steam:110000136e66411', 'sportlunch', 0),
	(1644, 'steam:110000136e66411', 'blowpipe', 0),
	(1645, 'steam:110000136e66411', 'medikit', 0),
	(1646, 'steam:110000136e66411', 'Fishing Rod', 0),
	(1647, 'steam:110000136e66411', 'blindfold', 0),
	(1648, 'steam:1100001053fa0b2', 'Big Bass', 0),
	(1649, 'steam:1100001053fa0b2', 'donut', 0),
	(1650, 'steam:1100001053fa0b2', 'sprite', 0),
	(1651, 'steam:1100001053fa0b2', 'steak', 0),
	(1652, 'steam:1100001053fa0b2', 'aluminium', 0),
	(1653, 'steam:1100001053fa0b2', 'picnic', 0),
	(1654, 'steam:1100001053fa0b2', 'Fishing Lure', 0),
	(1655, 'steam:1100001053fa0b2', 'applemos', 0),
	(1656, 'steam:1100001053fa0b2', 'policecard', 0),
	(1657, 'steam:1100001053fa0b2', 'Big Salmon', 0),
	(1658, 'steam:1100001053fa0b2', 'bandage', 0),
	(1659, 'steam:1100001053fa0b2', 'korv', 0),
	(1660, 'steam:1100001053fa0b2', 'fixkit', 0),
	(1661, 'steam:1100001053fa0b2', 'apple', 0),
	(1662, 'steam:1100001053fa0b2', 'batteri', 0),
	(1663, 'steam:1100001053fa0b2', 'Small Pike', 0),
	(1664, 'steam:1100001053fa0b2', 'Bass', 0),
	(1665, 'steam:1100001053fa0b2', 'leather', 0),
	(1666, 'steam:1100001053fa0b2', 'anti', 0),
	(1667, 'steam:1100001053fa0b2', 'bankkey', 0),
	(1668, 'steam:1100001053fa0b2', 'skruvar', 0),
	(1669, 'steam:1100001053fa0b2', 'bread', 0),
	(1670, 'steam:1100001053fa0b2', 'powerade', 0),
	(1671, 'steam:1100001053fa0b2', 'metall', 0),
	(1672, 'steam:1100001053fa0b2', 'Small Bass', 0),
	(1673, 'steam:1100001053fa0b2', 'skinn', 0),
	(1674, 'steam:1100001053fa0b2', 'sandwich', 0),
	(1675, 'steam:1100001053fa0b2', 'munk', 0),
	(1676, 'steam:1100001053fa0b2', 'water', 0),
	(1677, 'steam:1100001053fa0b2', 'redgull', 0),
	(1678, 'steam:1100001053fa0b2', 'Salmon', 0),
	(1679, 'steam:1100001053fa0b2', 'potatis', 0),
	(1680, 'steam:1100001053fa0b2', 'meat', 0),
	(1681, 'steam:1100001053fa0b2', 'protein_shake', 0),
	(1682, 'steam:1100001053fa0b2', 'klubba', 0),
	(1683, 'steam:1100001053fa0b2', 'phone', 1),
	(1684, 'steam:1100001053fa0b2', 'hamburgare', 0),
	(1685, 'steam:1100001053fa0b2', 'buntband', 0),
	(1686, 'steam:1100001053fa0b2', 'kaffe', 0),
	(1687, 'steam:1100001053fa0b2', 'Big Pike', 0),
	(1688, 'steam:1100001053fa0b2', 'wood', 0),
	(1689, 'steam:1100001053fa0b2', 'Pike', 0),
	(1690, 'steam:1100001053fa0b2', 'plast', 0),
	(1691, 'steam:1100001053fa0b2', 'oxygen_mask', 0),
	(1692, 'steam:1100001053fa0b2', 'phoneoff', 0),
	(1693, 'steam:1100001053fa0b2', 'cola', 0),
	(1694, 'steam:1100001053fa0b2', 'umbrella', 0),
	(1695, 'steam:1100001053fa0b2', 'lighter', 1),
	(1696, 'steam:1100001053fa0b2', 'cigarett', 5),
	(1697, 'steam:1100001053fa0b2', 'ogrillad', 0),
	(1698, 'steam:1100001053fa0b2', 'grillad', 0),
	(1699, 'steam:1100001053fa0b2', 'Small Salmon', 0),
	(1700, 'steam:1100001053fa0b2', 'encrypted_simcard', 0),
	(1701, 'steam:1100001053fa0b2', 'rose', 0),
	(1702, 'steam:1100001053fa0b2', 'gym_membership', 0),
	(1703, 'steam:1100001053fa0b2', 'bulletproof', 0),
	(1704, 'steam:1100001053fa0b2', 'medikit', 0),
	(1705, 'steam:1100001053fa0b2', 'Fishing Rod', 1),
	(1706, 'steam:1100001053fa0b2', 'blowpipe', 0),
	(1707, 'steam:1100001053fa0b2', 'sportlunch', 0),
	(1708, 'steam:1100001053fa0b2', 'blindfold', 0),
	(1709, 'steam:1100001186575b4', 'donut', 0),
	(1710, 'steam:1100001186575b4', 'sprite', 0),
	(1711, 'steam:1100001186575b4', 'steak', 0),
	(1712, 'steam:1100001186575b4', 'aluminium', 0),
	(1713, 'steam:1100001186575b4', 'Big Bass', 0),
	(1714, 'steam:1100001186575b4', 'applemos', 0),
	(1715, 'steam:1100001186575b4', 'Fishing Lure', 0),
	(1716, 'steam:1100001186575b4', 'policecard', 0),
	(1717, 'steam:1100001186575b4', 'picnic', 0),
	(1718, 'steam:1100001186575b4', 'Big Salmon', 0),
	(1719, 'steam:1100001186575b4', 'fixkit', 0),
	(1720, 'steam:1100001186575b4', 'batteri', 0),
	(1721, 'steam:1100001186575b4', 'apple', 0),
	(1722, 'steam:1100001186575b4', 'bandage', 0),
	(1723, 'steam:1100001186575b4', 'korv', 0),
	(1724, 'steam:1100001186575b4', 'bankkey', 0),
	(1725, 'steam:1100001186575b4', 'anti', 0),
	(1726, 'steam:1100001186575b4', 'Small Pike', 0),
	(1727, 'steam:1100001186575b4', 'Bass', 0),
	(1728, 'steam:1100001186575b4', 'leather', 0),
	(1729, 'steam:1100001186575b4', 'metall', 0),
	(1730, 'steam:1100001186575b4', 'Small Bass', 0),
	(1731, 'steam:1100001186575b4', 'skruvar', 0),
	(1732, 'steam:1100001186575b4', 'bread', 0),
	(1733, 'steam:1100001186575b4', 'powerade', 0),
	(1734, 'steam:1100001186575b4', 'water', 0),
	(1735, 'steam:1100001186575b4', 'sandwich', 0),
	(1736, 'steam:1100001186575b4', 'skinn', 0),
	(1737, 'steam:1100001186575b4', 'redgull', 0),
	(1738, 'steam:1100001186575b4', 'munk', 0),
	(1739, 'steam:1100001186575b4', 'klubba', 0),
	(1740, 'steam:1100001186575b4', 'meat', 0),
	(1741, 'steam:1100001186575b4', 'potatis', 0),
	(1742, 'steam:1100001186575b4', 'protein_shake', 0),
	(1743, 'steam:1100001186575b4', 'Salmon', 0),
	(1744, 'steam:1100001186575b4', 'Big Pike', 0),
	(1745, 'steam:1100001186575b4', 'phone', 0),
	(1746, 'steam:1100001186575b4', 'hamburgare', 0),
	(1747, 'steam:1100001186575b4', 'kaffe', 0),
	(1748, 'steam:1100001186575b4', 'buntband', 0),
	(1749, 'steam:1100001186575b4', 'plast', 0),
	(1750, 'steam:1100001186575b4', 'phoneoff', 0),
	(1751, 'steam:1100001186575b4', 'oxygen_mask', 0),
	(1752, 'steam:1100001186575b4', 'wood', 0),
	(1753, 'steam:1100001186575b4', 'Pike', 0),
	(1754, 'steam:1100001186575b4', 'cola', 0),
	(1755, 'steam:1100001186575b4', 'umbrella', 0),
	(1756, 'steam:1100001186575b4', 'cigarett', 0),
	(1757, 'steam:1100001186575b4', 'ogrillad', 0),
	(1758, 'steam:1100001186575b4', 'lighter', 0),
	(1759, 'steam:1100001186575b4', 'Small Salmon', 0),
	(1760, 'steam:1100001186575b4', 'rose', 0),
	(1761, 'steam:1100001186575b4', 'gym_membership', 0),
	(1762, 'steam:1100001186575b4', 'encrypted_simcard', 0),
	(1763, 'steam:1100001186575b4', 'grillad', 0),
	(1764, 'steam:1100001186575b4', 'bulletproof', 0),
	(1765, 'steam:1100001186575b4', 'sportlunch', 0),
	(1766, 'steam:1100001186575b4', 'blowpipe', 0),
	(1767, 'steam:1100001186575b4', 'medikit', 0),
	(1768, 'steam:1100001186575b4', 'Fishing Rod', 0),
	(1769, 'steam:1100001186575b4', 'blindfold', 0),
	(1770, 'steam:110000118327047', 'aluminium', 0),
	(1771, 'steam:110000118327047', 'sprite', 0),
	(1772, 'steam:110000118327047', 'Big Bass', 0),
	(1773, 'steam:110000118327047', 'steak', 0),
	(1774, 'steam:110000118327047', 'donut', 0),
	(1775, 'steam:110000118327047', 'policecard', 0),
	(1776, 'steam:110000118327047', 'applemos', 0),
	(1777, 'steam:110000118327047', 'picnic', 0),
	(1778, 'steam:110000118327047', 'Fishing Lure', 0),
	(1779, 'steam:110000118327047', 'Big Salmon', 0),
	(1780, 'steam:110000118327047', 'bandage', 0),
	(1781, 'steam:110000118327047', 'apple', 0),
	(1782, 'steam:110000118327047', 'fixkit', 0),
	(1783, 'steam:110000118327047', 'korv', 0),
	(1784, 'steam:110000118327047', 'batteri', 0),
	(1785, 'steam:110000118327047', 'Bass', 0),
	(1786, 'steam:110000118327047', 'anti', 0),
	(1787, 'steam:110000118327047', 'leather', 0),
	(1788, 'steam:110000118327047', 'Small Pike', 0),
	(1789, 'steam:110000118327047', 'bankkey', 0),
	(1790, 'steam:110000118327047', 'bread', 0),
	(1791, 'steam:110000118327047', 'Small Bass', 0),
	(1792, 'steam:110000118327047', 'powerade', 0),
	(1793, 'steam:110000118327047', 'skruvar', 0),
	(1794, 'steam:110000118327047', 'metall', 0),
	(1795, 'steam:110000118327047', 'redgull', 0),
	(1796, 'steam:110000118327047', 'sandwich', 0),
	(1797, 'steam:110000118327047', 'water', 0),
	(1798, 'steam:110000118327047', 'skinn', 0),
	(1799, 'steam:110000118327047', 'munk', 0),
	(1800, 'steam:110000118327047', 'klubba', 0),
	(1801, 'steam:110000118327047', 'Salmon', 0),
	(1802, 'steam:110000118327047', 'meat', 0),
	(1803, 'steam:110000118327047', 'protein_shake', 0),
	(1804, 'steam:110000118327047', 'potatis', 0),
	(1805, 'steam:110000118327047', 'kaffe', 0),
	(1806, 'steam:110000118327047', 'phone', 0),
	(1807, 'steam:110000118327047', 'Big Pike', 0),
	(1808, 'steam:110000118327047', 'hamburgare', 0),
	(1809, 'steam:110000118327047', 'buntband', 0),
	(1810, 'steam:110000118327047', 'wood', 0),
	(1811, 'steam:110000118327047', 'Pike', 0),
	(1812, 'steam:110000118327047', 'oxygen_mask', 0),
	(1813, 'steam:110000118327047', 'plast', 0),
	(1814, 'steam:110000118327047', 'phoneoff', 0),
	(1815, 'steam:110000118327047', 'cola', 0),
	(1816, 'steam:110000118327047', 'ogrillad', 0),
	(1817, 'steam:110000118327047', 'lighter', 0),
	(1818, 'steam:110000118327047', 'umbrella', 0),
	(1819, 'steam:110000118327047', 'cigarett', 0),
	(1820, 'steam:110000118327047', 'Small Salmon', 0),
	(1821, 'steam:110000118327047', 'grillad', 0),
	(1822, 'steam:110000118327047', 'encrypted_simcard', 0),
	(1823, 'steam:110000118327047', 'rose', 0),
	(1824, 'steam:110000118327047', 'gym_membership', 0),
	(1825, 'steam:110000118327047', 'Fishing Rod', 0),
	(1826, 'steam:110000118327047', 'bulletproof', 0),
	(1827, 'steam:110000118327047', 'medikit', 0),
	(1828, 'steam:110000118327047', 'sportlunch', 0),
	(1829, 'steam:110000118327047', 'blowpipe', 0),
	(1830, 'steam:110000118327047', 'blindfold', 0),
	(1831, 'steam:110000134a88ca8', 'sprite', 0),
	(1832, 'steam:110000134a88ca8', 'Big Bass', 0),
	(1833, 'steam:110000134a88ca8', 'aluminium', 0),
	(1834, 'steam:110000134a88ca8', 'steak', 0),
	(1835, 'steam:110000134a88ca8', 'donut', 0),
	(1836, 'steam:110000134a88ca8', 'policecard', 0),
	(1837, 'steam:110000134a88ca8', 'Big Salmon', 0),
	(1838, 'steam:110000134a88ca8', 'Fishing Lure', 0),
	(1839, 'steam:110000134a88ca8', 'applemos', 0),
	(1840, 'steam:110000134a88ca8', 'picnic', 0),
	(1841, 'steam:110000134a88ca8', 'batteri', 0),
	(1842, 'steam:110000134a88ca8', 'apple', 0),
	(1843, 'steam:110000134a88ca8', 'bandage', 0),
	(1844, 'steam:110000134a88ca8', 'korv', 0),
	(1845, 'steam:110000134a88ca8', 'fixkit', 0),
	(1846, 'steam:110000134a88ca8', 'leather', 0),
	(1847, 'steam:110000134a88ca8', 'Small Pike', 0),
	(1848, 'steam:110000134a88ca8', 'bankkey', 0),
	(1849, 'steam:110000134a88ca8', 'Bass', 0),
	(1850, 'steam:110000134a88ca8', 'anti', 0),
	(1851, 'steam:110000134a88ca8', 'bread', 0),
	(1852, 'steam:110000134a88ca8', 'Small Bass', 0),
	(1853, 'steam:110000134a88ca8', 'powerade', 0),
	(1854, 'steam:110000134a88ca8', 'metall', 0),
	(1855, 'steam:110000134a88ca8', 'skruvar', 0),
	(1856, 'steam:110000134a88ca8', 'redgull', 0),
	(1857, 'steam:110000134a88ca8', 'sandwich', 0),
	(1858, 'steam:110000134a88ca8', 'skinn', 0),
	(1859, 'steam:110000134a88ca8', 'munk', 0),
	(1860, 'steam:110000134a88ca8', 'water', 0),
	(1861, 'steam:110000134a88ca8', 'Salmon', 0),
	(1862, 'steam:110000134a88ca8', 'protein_shake', 0),
	(1863, 'steam:110000134a88ca8', 'meat', 0),
	(1864, 'steam:110000134a88ca8', 'potatis', 0),
	(1865, 'steam:110000134a88ca8', 'klubba', 0),
	(1866, 'steam:110000134a88ca8', 'buntband', 0),
	(1867, 'steam:110000134a88ca8', 'hamburgare', 0),
	(1868, 'steam:110000134a88ca8', 'phone', 0),
	(1869, 'steam:110000134a88ca8', 'kaffe', 0),
	(1870, 'steam:110000134a88ca8', 'Big Pike', 0),
	(1871, 'steam:110000134a88ca8', 'Pike', 0),
	(1872, 'steam:110000134a88ca8', 'phoneoff', 0),
	(1873, 'steam:110000134a88ca8', 'wood', 0),
	(1874, 'steam:110000134a88ca8', 'oxygen_mask', 0),
	(1875, 'steam:110000134a88ca8', 'plast', 0),
	(1876, 'steam:110000134a88ca8', 'cola', 0),
	(1877, 'steam:110000134a88ca8', 'lighter', 1),
	(1878, 'steam:110000134a88ca8', 'umbrella', 0),
	(1879, 'steam:110000134a88ca8', 'cigarett', 5),
	(1880, 'steam:110000134a88ca8', 'ogrillad', 0),
	(1881, 'steam:110000134a88ca8', 'Small Salmon', 0),
	(1882, 'steam:110000134a88ca8', 'grillad', 0),
	(1883, 'steam:110000134a88ca8', 'gym_membership', 0),
	(1884, 'steam:110000134a88ca8', 'encrypted_simcard', 0),
	(1885, 'steam:110000134a88ca8', 'rose', 0),
	(1886, 'steam:110000134a88ca8', 'sportlunch', 0),
	(1887, 'steam:110000134a88ca8', 'bulletproof', 0),
	(1888, 'steam:110000134a88ca8', 'medikit', 0),
	(1889, 'steam:110000134a88ca8', 'blowpipe', 0),
	(1890, 'steam:110000134a88ca8', 'Fishing Rod', 0),
	(1891, 'steam:110000134a88ca8', 'blindfold', 0),
	(1892, 'steam:11000010a79f3aa', 'blindfold', 0),
	(1893, 'steam:11000010a79f3aa', 'meat', 0),
	(1894, 'steam:11000010a79f3aa', 'metall', 0),
	(1895, 'steam:11000010a79f3aa', 'buntband', 0),
	(1896, 'steam:11000010a79f3aa', 'batteri', 0),
	(1897, 'steam:11000010a79f3aa', 'gym_membership', 0),
	(1898, 'steam:11000010a79f3aa', 'wood', 0),
	(1899, 'steam:11000010a79f3aa', 'Small Salmon', 0),
	(1900, 'steam:11000010a79f3aa', 'ogrillad', 0),
	(1901, 'steam:11000010a79f3aa', 'phoneoff', 0),
	(1902, 'steam:11000010a79f3aa', 'Pike', 0),
	(1903, 'steam:11000010a79f3aa', 'encrypted_simcard', 0),
	(1904, 'steam:11000010a79f3aa', 'phone', 0),
	(1905, 'steam:11000010a79f3aa', 'fixkit', 0),
	(1906, 'steam:11000010a79f3aa', 'grillad', 0),
	(1907, 'steam:11000010a79f3aa', 'sandwich', 0),
	(1908, 'steam:11000010a79f3aa', 'skruvar', 0),
	(1909, 'steam:11000010a79f3aa', 'umbrella', 0),
	(1910, 'steam:11000010a79f3aa', 'Big Pike', 0),
	(1911, 'steam:11000010a79f3aa', 'steak', 0),
	(1912, 'steam:11000010a79f3aa', 'sportlunch', 0),
	(1913, 'steam:11000010a79f3aa', 'Small Pike', 0),
	(1914, 'steam:11000010a79f3aa', 'Small Bass', 0),
	(1915, 'steam:11000010a79f3aa', 'anti', 0),
	(1916, 'steam:11000010a79f3aa', 'sprite', 0),
	(1917, 'steam:11000010a79f3aa', 'Fishing Lure', 0),
	(1918, 'steam:11000010a79f3aa', 'powerade', 0),
	(1919, 'steam:11000010a79f3aa', 'applemos', 0),
	(1920, 'steam:11000010a79f3aa', 'oxygen_mask', 0),
	(1921, 'steam:11000010a79f3aa', 'policecard', 0),
	(1922, 'steam:11000010a79f3aa', 'skinn', 0),
	(1923, 'steam:11000010a79f3aa', 'redgull', 0),
	(1924, 'steam:11000010a79f3aa', 'Fishing Rod', 0),
	(1925, 'steam:11000010a79f3aa', 'Big Bass', 0),
	(1926, 'steam:11000010a79f3aa', 'blowpipe', 0),
	(1927, 'steam:11000010a79f3aa', 'apple', 0),
	(1928, 'steam:11000010a79f3aa', 'hamburgare', 0),
	(1929, 'steam:11000010a79f3aa', 'rose', 0),
	(1930, 'steam:11000010a79f3aa', 'donut', 0),
	(1931, 'steam:11000010a79f3aa', 'potatis', 0),
	(1932, 'steam:11000010a79f3aa', 'plast', 0),
	(1933, 'steam:11000010a79f3aa', 'picnic', 0),
	(1934, 'steam:11000010a79f3aa', 'water', 0),
	(1935, 'steam:11000010a79f3aa', 'munk', 0),
	(1936, 'steam:11000010a79f3aa', 'Bass', 0),
	(1937, 'steam:11000010a79f3aa', 'aluminium', 0),
	(1938, 'steam:11000010a79f3aa', 'Salmon', 0),
	(1939, 'steam:11000010a79f3aa', 'klubba', 0),
	(1940, 'steam:11000010a79f3aa', 'bulletproof', 0),
	(1941, 'steam:11000010a79f3aa', 'bankkey', 0),
	(1942, 'steam:11000010a79f3aa', 'cola', 0),
	(1943, 'steam:11000010a79f3aa', 'kaffe', 0),
	(1944, 'steam:11000010a79f3aa', 'lighter', 0),
	(1945, 'steam:11000010a79f3aa', 'bandage', 0),
	(1946, 'steam:11000010a79f3aa', 'leather', 0),
	(1947, 'steam:11000010a79f3aa', 'Big Salmon', 0),
	(1948, 'steam:11000010a79f3aa', 'bread', 0),
	(1949, 'steam:11000010a79f3aa', 'korv', 0),
	(1950, 'steam:11000010a79f3aa', 'medikit', 0),
	(1951, 'steam:11000010a79f3aa', 'protein_shake', 0),
	(1952, 'steam:11000010a79f3aa', 'cigarett', 0),
	(1953, 'steam:110000116f9d5a5', 'metall', 0),
	(1954, 'steam:110000116f9d5a5', 'blindfold', 0),
	(1955, 'steam:110000116f9d5a5', 'meat', 0),
	(1956, 'steam:110000116f9d5a5', 'batteri', 0),
	(1957, 'steam:110000116f9d5a5', 'buntband', 0),
	(1958, 'steam:110000116f9d5a5', 'phoneoff', 0),
	(1959, 'steam:110000116f9d5a5', 'gym_membership', 0),
	(1960, 'steam:110000116f9d5a5', 'wood', 0),
	(1961, 'steam:110000116f9d5a5', 'Small Salmon', 0),
	(1962, 'steam:110000116f9d5a5', 'ogrillad', 0),
	(1963, 'steam:110000116f9d5a5', 'grillad', 0),
	(1964, 'steam:110000116f9d5a5', 'Pike', 0),
	(1965, 'steam:110000116f9d5a5', 'encrypted_simcard', 0),
	(1966, 'steam:110000116f9d5a5', 'phone', 0),
	(1967, 'steam:110000116f9d5a5', 'fixkit', 0),
	(1968, 'steam:110000116f9d5a5', 'umbrella', 0),
	(1969, 'steam:110000116f9d5a5', 'sandwich', 0),
	(1970, 'steam:110000116f9d5a5', 'steak', 0),
	(1971, 'steam:110000116f9d5a5', 'Big Pike', 0),
	(1972, 'steam:110000116f9d5a5', 'skruvar', 0),
	(1973, 'steam:110000116f9d5a5', 'anti', 0),
	(1974, 'steam:110000116f9d5a5', 'sportlunch', 0),
	(1975, 'steam:110000116f9d5a5', 'Small Bass', 0),
	(1976, 'steam:110000116f9d5a5', 'sprite', 0),
	(1977, 'steam:110000116f9d5a5', 'Small Pike', 0),
	(1978, 'steam:110000116f9d5a5', 'oxygen_mask', 0),
	(1979, 'steam:110000116f9d5a5', 'applemos', 0),
	(1980, 'steam:110000116f9d5a5', 'policecard', 0),
	(1981, 'steam:110000116f9d5a5', 'powerade', 0),
	(1982, 'steam:110000116f9d5a5', 'Fishing Lure', 0),
	(1983, 'steam:110000116f9d5a5', 'skinn', 0),
	(1984, 'steam:110000116f9d5a5', 'redgull', 0),
	(1985, 'steam:110000116f9d5a5', 'blowpipe', 0),
	(1986, 'steam:110000116f9d5a5', 'Big Bass', 0),
	(1987, 'steam:110000116f9d5a5', 'Fishing Rod', 0),
	(1988, 'steam:110000116f9d5a5', 'apple', 0),
	(1989, 'steam:110000116f9d5a5', 'hamburgare', 0),
	(1990, 'steam:110000116f9d5a5', 'donut', 0),
	(1991, 'steam:110000116f9d5a5', 'potatis', 0),
	(1992, 'steam:110000116f9d5a5', 'rose', 0),
	(1993, 'steam:110000116f9d5a5', 'plast', 0),
	(1994, 'steam:110000116f9d5a5', 'picnic', 0),
	(1995, 'steam:110000116f9d5a5', 'munk', 0),
	(1996, 'steam:110000116f9d5a5', 'water', 0),
	(1997, 'steam:110000116f9d5a5', 'Bass', 0),
	(1998, 'steam:110000116f9d5a5', 'aluminium', 0),
	(1999, 'steam:110000116f9d5a5', 'Salmon', 0),
	(2000, 'steam:110000116f9d5a5', 'kaffe', 0),
	(2001, 'steam:110000116f9d5a5', 'bulletproof', 0),
	(2002, 'steam:110000116f9d5a5', 'klubba', 0),
	(2003, 'steam:110000116f9d5a5', 'cola', 0),
	(2004, 'steam:110000116f9d5a5', 'bankkey', 0),
	(2005, 'steam:110000116f9d5a5', 'leather', 0),
	(2006, 'steam:110000116f9d5a5', 'bandage', 0),
	(2007, 'steam:110000116f9d5a5', 'lighter', 0),
	(2008, 'steam:110000116f9d5a5', 'bread', 0),
	(2009, 'steam:110000116f9d5a5', 'Big Salmon', 0),
	(2010, 'steam:110000116f9d5a5', 'medikit', 0),
	(2011, 'steam:110000116f9d5a5', 'korv', 0),
	(2012, 'steam:110000116f9d5a5', 'cigarett', 0),
	(2013, 'steam:110000116f9d5a5', 'protein_shake', 0),
	(2014, 'steam:110000109a83943', 'steak', 0),
	(2015, 'steam:110000109a83943', 'phone', 1),
	(2016, 'steam:110000109a83943', 'policecard', 0),
	(2017, 'steam:110000109a83943', 'skinn', 0),
	(2018, 'steam:110000109a83943', 'Small Salmon', 0),
	(2019, 'steam:110000109a83943', 'bandage', 0),
	(2020, 'steam:110000109a83943', 'cola', 0),
	(2021, 'steam:110000109a83943', 'Fishing Lure', 0),
	(2022, 'steam:110000109a83943', 'picnic', 0),
	(2023, 'steam:110000109a83943', 'grillad', 0),
	(2024, 'steam:110000109a83943', 'applemos', 0),
	(2025, 'steam:110000109a83943', 'Big Bass', 0),
	(2026, 'steam:110000109a83943', 'water', 0),
	(2027, 'steam:110000109a83943', 'kaffe', 0),
	(2028, 'steam:110000109a83943', 'wood', 0),
	(2029, 'steam:110000109a83943', 'cigarett', 0),
	(2030, 'steam:110000109a83943', 'meat', 0),
	(2031, 'steam:110000109a83943', 'fixkit', 0),
	(2032, 'steam:110000109a83943', 'Small Pike', 0),
	(2033, 'steam:110000109a83943', 'sportlunch', 0),
	(2034, 'steam:110000109a83943', 'Small Bass', 0),
	(2035, 'steam:110000109a83943', 'sprite', 0),
	(2036, 'steam:110000109a83943', 'blindfold', 0),
	(2037, 'steam:110000109a83943', 'skruvar', 0),
	(2038, 'steam:110000109a83943', 'klubba', 0),
	(2039, 'steam:110000109a83943', 'redgull', 0),
	(2040, 'steam:110000109a83943', 'bankkey', 0),
	(2041, 'steam:110000109a83943', 'rose', 0),
	(2042, 'steam:110000109a83943', 'Bass', 0),
	(2043, 'steam:110000109a83943', 'hamburgare', 0),
	(2044, 'steam:110000109a83943', 'sandwich', 0),
	(2045, 'steam:110000109a83943', 'Salmon', 0),
	(2046, 'steam:110000109a83943', 'plast', 0),
	(2047, 'steam:110000109a83943', 'batteri', 0),
	(2048, 'steam:110000109a83943', 'munk', 0),
	(2049, 'steam:110000109a83943', 'Fishing Rod', 0),
	(2050, 'steam:110000109a83943', 'powerade', 0),
	(2051, 'steam:110000109a83943', 'potatis', 0),
	(2052, 'steam:110000109a83943', 'phoneoff', 0),
	(2053, 'steam:110000109a83943', 'Pike', 0),
	(2054, 'steam:110000109a83943', 'korv', 0),
	(2055, 'steam:110000109a83943', 'apple', 0),
	(2056, 'steam:110000109a83943', 'umbrella', 0),
	(2057, 'steam:110000109a83943', 'bread', 0),
	(2058, 'steam:110000109a83943', 'ogrillad', 0),
	(2059, 'steam:110000109a83943', 'metall', 0),
	(2060, 'steam:110000109a83943', 'bulletproof', 0),
	(2061, 'steam:110000109a83943', 'lighter', 0),
	(2062, 'steam:110000109a83943', 'anti', 0),
	(2063, 'steam:110000109a83943', 'blowpipe', 0),
	(2064, 'steam:110000109a83943', 'oxygen_mask', 0),
	(2065, 'steam:110000109a83943', 'leather', 0),
	(2066, 'steam:110000109a83943', 'Big Pike', 0),
	(2067, 'steam:110000109a83943', 'encrypted_simcard', 0),
	(2068, 'steam:110000109a83943', 'aluminium', 0),
	(2069, 'steam:110000109a83943', 'donut', 0),
	(2070, 'steam:110000109a83943', 'medikit', 0),
	(2071, 'steam:110000109a83943', 'protein_shake', 0),
	(2072, 'steam:110000109a83943', 'gym_membership', 0),
	(2073, 'steam:110000109a83943', 'Big Salmon', 0),
	(2074, 'steam:110000109a83943', 'buntband', 0),
	(2075, 'steam:11000010bed4eaa', 'policecard', 0),
	(2076, 'steam:11000010bed4eaa', 'Small Salmon', 0),
	(2077, 'steam:11000010bed4eaa', 'phone', 0),
	(2078, 'steam:11000010bed4eaa', 'steak', 0),
	(2079, 'steam:11000010bed4eaa', 'skinn', 0),
	(2080, 'steam:11000010bed4eaa', 'Fishing Lure', 0),
	(2081, 'steam:11000010bed4eaa', 'grillad', 0),
	(2082, 'steam:11000010bed4eaa', 'picnic', 0),
	(2083, 'steam:11000010bed4eaa', 'bandage', 0),
	(2084, 'steam:11000010bed4eaa', 'cola', 0),
	(2085, 'steam:11000010bed4eaa', 'applemos', 0),
	(2086, 'steam:11000010bed4eaa', 'kaffe', 0),
	(2087, 'steam:11000010bed4eaa', 'water', 0),
	(2088, 'steam:11000010bed4eaa', 'wood', 0),
	(2089, 'steam:11000010bed4eaa', 'Big Bass', 0),
	(2090, 'steam:11000010bed4eaa', 'sportlunch', 0),
	(2091, 'steam:11000010bed4eaa', 'sprite', 0),
	(2092, 'steam:11000010bed4eaa', 'meat', 0),
	(2093, 'steam:11000010bed4eaa', 'cigarett', 0),
	(2094, 'steam:11000010bed4eaa', 'Small Pike', 0),
	(2095, 'steam:11000010bed4eaa', 'fixkit', 0),
	(2096, 'steam:11000010bed4eaa', 'Small Bass', 0),
	(2097, 'steam:11000010bed4eaa', 'redgull', 0),
	(2098, 'steam:11000010bed4eaa', 'skruvar', 0),
	(2099, 'steam:11000010bed4eaa', 'bankkey', 0),
	(2100, 'steam:11000010bed4eaa', 'Bass', 0),
	(2101, 'steam:11000010bed4eaa', 'sandwich', 0),
	(2102, 'steam:11000010bed4eaa', 'blindfold', 0),
	(2103, 'steam:11000010bed4eaa', 'hamburgare', 0),
	(2104, 'steam:11000010bed4eaa', 'klubba', 0),
	(2105, 'steam:11000010bed4eaa', 'munk', 0),
	(2106, 'steam:11000010bed4eaa', 'rose', 0),
	(2107, 'steam:11000010bed4eaa', 'Salmon', 0),
	(2108, 'steam:11000010bed4eaa', 'batteri', 0),
	(2109, 'steam:11000010bed4eaa', 'plast', 0),
	(2110, 'steam:11000010bed4eaa', 'phoneoff', 0),
	(2111, 'steam:11000010bed4eaa', 'Pike', 0),
	(2112, 'steam:11000010bed4eaa', 'potatis', 0),
	(2113, 'steam:11000010bed4eaa', 'Fishing Rod', 0),
	(2114, 'steam:11000010bed4eaa', 'powerade', 0),
	(2115, 'steam:11000010bed4eaa', 'umbrella', 0),
	(2116, 'steam:11000010bed4eaa', 'bread', 0),
	(2117, 'steam:11000010bed4eaa', 'ogrillad', 0),
	(2118, 'steam:11000010bed4eaa', 'korv', 0),
	(2119, 'steam:11000010bed4eaa', 'apple', 0),
	(2120, 'steam:11000010bed4eaa', 'lighter', 0),
	(2121, 'steam:11000010bed4eaa', 'anti', 0),
	(2122, 'steam:11000010bed4eaa', 'blowpipe', 0),
	(2123, 'steam:11000010bed4eaa', 'metall', 0),
	(2124, 'steam:11000010bed4eaa', 'bulletproof', 0),
	(2125, 'steam:11000010bed4eaa', 'encrypted_simcard', 0),
	(2126, 'steam:11000010bed4eaa', 'Big Pike', 0),
	(2127, 'steam:11000010bed4eaa', 'aluminium', 0),
	(2128, 'steam:11000010bed4eaa', 'oxygen_mask', 0),
	(2129, 'steam:11000010bed4eaa', 'leather', 0),
	(2130, 'steam:11000010bed4eaa', 'protein_shake', 0),
	(2131, 'steam:11000010bed4eaa', 'gym_membership', 0),
	(2132, 'steam:11000010bed4eaa', 'Big Salmon', 0),
	(2133, 'steam:11000010bed4eaa', 'donut', 0),
	(2134, 'steam:11000010bed4eaa', 'medikit', 0),
	(2135, 'steam:11000010bed4eaa', 'buntband', 0),
	(2136, 'steam:110000107100940', 'steak', 0),
	(2137, 'steam:110000107100940', 'policecard', 0),
	(2138, 'steam:110000107100940', 'skinn', 0),
	(2139, 'steam:110000107100940', 'Small Salmon', 0),
	(2140, 'steam:110000107100940', 'phone', 0),
	(2141, 'steam:110000107100940', 'grillad', 0),
	(2142, 'steam:110000107100940', 'bandage', 0),
	(2143, 'steam:110000107100940', 'Fishing Lure', 0),
	(2144, 'steam:110000107100940', 'picnic', 0),
	(2145, 'steam:110000107100940', 'cola', 0),
	(2146, 'steam:110000107100940', 'applemos', 0),
	(2147, 'steam:110000107100940', 'Big Bass', 0),
	(2148, 'steam:110000107100940', 'water', 0),
	(2149, 'steam:110000107100940', 'wood', 0),
	(2150, 'steam:110000107100940', 'kaffe', 0),
	(2151, 'steam:110000107100940', 'sprite', 0),
	(2152, 'steam:110000107100940', 'Small Pike', 0),
	(2153, 'steam:110000107100940', 'sportlunch', 0),
	(2154, 'steam:110000107100940', 'meat', 0),
	(2155, 'steam:110000107100940', 'cigarett', 0),
	(2156, 'steam:110000107100940', 'Small Bass', 0),
	(2157, 'steam:110000107100940', 'skruvar', 0),
	(2158, 'steam:110000107100940', 'fixkit', 0),
	(2159, 'steam:110000107100940', 'bankkey', 0),
	(2160, 'steam:110000107100940', 'redgull', 0),
	(2161, 'steam:110000107100940', 'sandwich', 0),
	(2162, 'steam:110000107100940', 'Bass', 0),
	(2163, 'steam:110000107100940', 'hamburgare', 0),
	(2164, 'steam:110000107100940', 'blindfold', 0),
	(2165, 'steam:110000107100940', 'klubba', 0),
	(2166, 'steam:110000107100940', 'munk', 0),
	(2167, 'steam:110000107100940', 'batteri', 0),
	(2168, 'steam:110000107100940', 'rose', 0),
	(2169, 'steam:110000107100940', 'Salmon', 0),
	(2170, 'steam:110000107100940', 'plast', 0),
	(2171, 'steam:110000107100940', 'phoneoff', 0),
	(2172, 'steam:110000107100940', 'powerade', 0),
	(2173, 'steam:110000107100940', 'potatis', 0),
	(2174, 'steam:110000107100940', 'Pike', 0),
	(2175, 'steam:110000107100940', 'Fishing Rod', 0),
	(2176, 'steam:110000107100940', 'umbrella', 0),
	(2177, 'steam:110000107100940', 'bread', 0),
	(2178, 'steam:110000107100940', 'ogrillad', 0),
	(2179, 'steam:110000107100940', 'korv', 0),
	(2180, 'steam:110000107100940', 'apple', 0),
	(2181, 'steam:110000107100940', 'bulletproof', 0),
	(2182, 'steam:110000107100940', 'metall', 0),
	(2183, 'steam:110000107100940', 'blowpipe', 0),
	(2184, 'steam:110000107100940', 'anti', 0),
	(2185, 'steam:110000107100940', 'lighter', 0),
	(2186, 'steam:110000107100940', 'leather', 0),
	(2187, 'steam:110000107100940', 'encrypted_simcard', 0),
	(2188, 'steam:110000107100940', 'aluminium', 0),
	(2189, 'steam:110000107100940', 'oxygen_mask', 0),
	(2190, 'steam:110000107100940', 'Big Pike', 0),
	(2191, 'steam:110000107100940', 'gym_membership', 0),
	(2192, 'steam:110000107100940', 'protein_shake', 0),
	(2193, 'steam:110000107100940', 'Big Salmon', 0),
	(2194, 'steam:110000107100940', 'donut', 0),
	(2195, 'steam:110000107100940', 'medikit', 0),
	(2196, 'steam:110000107100940', 'buntband', 0),
	(2197, 'steam:110000106229b86', 'wood', 0),
	(2198, 'steam:110000106229b86', 'umbrella', 0),
	(2199, 'steam:110000106229b86', 'water', 0),
	(2200, 'steam:110000106229b86', 'cola', 0),
	(2201, 'steam:110000106229b86', 'anti', 0),
	(2202, 'steam:110000106229b86', 'metall', 0),
	(2203, 'steam:110000106229b86', 'redgull', 0),
	(2204, 'steam:110000106229b86', 'sprite', 0),
	(2205, 'steam:110000106229b86', 'klubba', 0),
	(2206, 'steam:110000106229b86', 'steak', 0),
	(2207, 'steam:110000106229b86', 'phone', 0),
	(2208, 'steam:110000106229b86', 'gym_membership', 0),
	(2209, 'steam:110000106229b86', 'Small Pike', 0),
	(2210, 'steam:110000106229b86', 'Small Salmon', 0),
	(2211, 'steam:110000106229b86', 'blowpipe', 0),
	(2212, 'steam:110000106229b86', 'sandwich', 0),
	(2213, 'steam:110000106229b86', 'skruvar', 0),
	(2214, 'steam:110000106229b86', 'skinn', 0),
	(2215, 'steam:110000106229b86', 'Fishing Lure', 0),
	(2216, 'steam:110000106229b86', 'Salmon', 0),
	(2217, 'steam:110000106229b86', 'rose', 0),
	(2218, 'steam:110000106229b86', 'Big Pike', 0),
	(2219, 'steam:110000106229b86', 'protein_shake', 0),
	(2220, 'steam:110000106229b86', 'lighter', 0),
	(2221, 'steam:110000106229b86', 'leather', 0),
	(2222, 'steam:110000106229b86', 'powerade', 0),
	(2223, 'steam:110000106229b86', 'aluminium', 0),
	(2224, 'steam:110000106229b86', 'munk', 0),
	(2225, 'steam:110000106229b86', 'Pike', 0),
	(2226, 'steam:110000106229b86', 'medikit', 0),
	(2227, 'steam:110000106229b86', 'kaffe', 0),
	(2228, 'steam:110000106229b86', 'Fishing Rod', 0),
	(2229, 'steam:110000106229b86', 'hamburgare', 0),
	(2230, 'steam:110000106229b86', 'potatis', 0),
	(2231, 'steam:110000106229b86', 'policecard', 0),
	(2232, 'steam:110000106229b86', 'picnic', 0),
	(2233, 'steam:110000106229b86', 'grillad', 0),
	(2234, 'steam:110000106229b86', 'donut', 0),
	(2235, 'steam:110000106229b86', 'phoneoff', 0),
	(2236, 'steam:110000106229b86', 'apple', 0),
	(2237, 'steam:110000106229b86', 'fixkit', 0),
	(2238, 'steam:110000106229b86', 'Small Bass', 0),
	(2239, 'steam:110000106229b86', 'oxygen_mask', 0),
	(2240, 'steam:110000106229b86', 'Big Salmon', 0),
	(2241, 'steam:110000106229b86', 'batteri', 0),
	(2242, 'steam:110000106229b86', 'meat', 0),
	(2243, 'steam:110000106229b86', 'blindfold', 0),
	(2244, 'steam:110000106229b86', 'bread', 0),
	(2245, 'steam:110000106229b86', 'plast', 0),
	(2246, 'steam:110000106229b86', 'buntband', 0),
	(2247, 'steam:110000106229b86', 'ogrillad', 0),
	(2248, 'steam:110000106229b86', 'bankkey', 0),
	(2249, 'steam:110000106229b86', 'sportlunch', 0),
	(2250, 'steam:110000106229b86', 'cigarett', 0),
	(2251, 'steam:110000106229b86', 'bulletproof', 0),
	(2252, 'steam:110000106229b86', 'bandage', 0),
	(2253, 'steam:110000106229b86', 'applemos', 0),
	(2254, 'steam:110000106229b86', 'korv', 0),
	(2255, 'steam:110000106229b86', 'Big Bass', 0),
	(2256, 'steam:110000106229b86', 'Bass', 0),
	(2257, 'steam:110000106229b86', 'encrypted_simcard', 0),
	(2258, 'steam:110000103cf90e3', 'wood', 0),
	(2259, 'steam:110000103cf90e3', 'cola', 0),
	(2260, 'steam:110000103cf90e3', 'umbrella', 0),
	(2261, 'steam:110000103cf90e3', 'water', 0),
	(2262, 'steam:110000103cf90e3', 'anti', 0),
	(2263, 'steam:110000103cf90e3', 'steak', 0),
	(2264, 'steam:110000103cf90e3', 'sprite', 0),
	(2265, 'steam:110000103cf90e3', 'redgull', 0),
	(2266, 'steam:110000103cf90e3', 'klubba', 0),
	(2267, 'steam:110000103cf90e3', 'metall', 0),
	(2268, 'steam:110000103cf90e3', 'blowpipe', 0),
	(2269, 'steam:110000103cf90e3', 'phone', 0),
	(2270, 'steam:110000103cf90e3', 'gym_membership', 0),
	(2271, 'steam:110000103cf90e3', 'Small Salmon', 0),
	(2272, 'steam:110000103cf90e3', 'Small Pike', 0),
	(2273, 'steam:110000103cf90e3', 'Fishing Lure', 0),
	(2274, 'steam:110000103cf90e3', 'Salmon', 0),
	(2275, 'steam:110000103cf90e3', 'skruvar', 0),
	(2276, 'steam:110000103cf90e3', 'sandwich', 0),
	(2277, 'steam:110000103cf90e3', 'skinn', 0),
	(2278, 'steam:110000103cf90e3', 'lighter', 0),
	(2279, 'steam:110000103cf90e3', 'Big Pike', 0),
	(2280, 'steam:110000103cf90e3', 'rose', 0),
	(2281, 'steam:110000103cf90e3', 'protein_shake', 0),
	(2282, 'steam:110000103cf90e3', 'medikit', 0),
	(2283, 'steam:110000103cf90e3', 'leather', 0),
	(2284, 'steam:110000103cf90e3', 'munk', 0),
	(2285, 'steam:110000103cf90e3', 'powerade', 0),
	(2286, 'steam:110000103cf90e3', 'potatis', 0),
	(2287, 'steam:110000103cf90e3', 'aluminium', 0),
	(2288, 'steam:110000103cf90e3', 'Pike', 0),
	(2289, 'steam:110000103cf90e3', 'hamburgare', 0),
	(2290, 'steam:110000103cf90e3', 'policecard', 0),
	(2291, 'steam:110000103cf90e3', 'grillad', 0),
	(2292, 'steam:110000103cf90e3', 'kaffe', 0),
	(2293, 'steam:110000103cf90e3', 'Fishing Rod', 0),
	(2294, 'steam:110000103cf90e3', 'picnic', 0),
	(2295, 'steam:110000103cf90e3', 'donut', 0),
	(2296, 'steam:110000103cf90e3', 'fixkit', 0),
	(2297, 'steam:110000103cf90e3', 'apple', 0),
	(2298, 'steam:110000103cf90e3', 'phoneoff', 0),
	(2299, 'steam:110000103cf90e3', 'oxygen_mask', 0),
	(2300, 'steam:110000103cf90e3', 'Small Bass', 0),
	(2301, 'steam:110000103cf90e3', 'Big Salmon', 0),
	(2302, 'steam:110000103cf90e3', 'bread', 0),
	(2303, 'steam:110000103cf90e3', 'batteri', 0),
	(2304, 'steam:110000103cf90e3', 'meat', 0),
	(2305, 'steam:110000103cf90e3', 'plast', 0),
	(2306, 'steam:110000103cf90e3', 'buntband', 0),
	(2307, 'steam:110000103cf90e3', 'blindfold', 0),
	(2308, 'steam:110000103cf90e3', 'sportlunch', 0),
	(2309, 'steam:110000103cf90e3', 'bankkey', 0),
	(2310, 'steam:110000103cf90e3', 'bandage', 0),
	(2311, 'steam:110000103cf90e3', 'bulletproof', 0),
	(2312, 'steam:110000103cf90e3', 'cigarett', 0),
	(2313, 'steam:110000103cf90e3', 'ogrillad', 0),
	(2314, 'steam:110000103cf90e3', 'applemos', 0),
	(2315, 'steam:110000103cf90e3', 'encrypted_simcard', 0),
	(2316, 'steam:110000103cf90e3', 'Big Bass', 0),
	(2317, 'steam:110000103cf90e3', 'Bass', 0),
	(2318, 'steam:110000103cf90e3', 'korv', 0),
	(2319, 'steam:11000010003637e', 'rose', 0),
	(2320, 'steam:11000010003637e', 'powerade', 0),
	(2321, 'steam:11000010003637e', 'metall', 0),
	(2322, 'steam:11000010003637e', 'bread', 0),
	(2323, 'steam:11000010003637e', 'medikit', 0),
	(2324, 'steam:11000010003637e', 'umbrella', 0),
	(2325, 'steam:11000010003637e', 'skinn', 0),
	(2326, 'steam:11000010003637e', 'aluminium', 0),
	(2327, 'steam:11000010003637e', 'water', 0),
	(2328, 'steam:11000010003637e', 'Big Salmon', 0),
	(2329, 'steam:11000010003637e', 'sportlunch', 0),
	(2330, 'steam:11000010003637e', 'policecard', 0),
	(2331, 'steam:11000010003637e', 'anti', 0),
	(2332, 'steam:11000010003637e', 'gym_membership', 0),
	(2333, 'steam:11000010003637e', 'Fishing Lure', 0),
	(2334, 'steam:11000010003637e', 'Small Pike', 0),
	(2335, 'steam:11000010003637e', 'cigarett', 0),
	(2336, 'steam:11000010003637e', 'Big Pike', 0),
	(2337, 'steam:11000010003637e', 'klubba', 0),
	(2338, 'steam:11000010003637e', 'Small Salmon', 0),
	(2339, 'steam:11000010003637e', 'munk', 0),
	(2340, 'steam:11000010003637e', 'Small Bass', 0),
	(2341, 'steam:11000010003637e', 'cola', 0),
	(2342, 'steam:11000010003637e', 'applemos', 0),
	(2343, 'steam:11000010003637e', 'kaffe', 0),
	(2344, 'steam:11000010003637e', 'bandage', 0),
	(2345, 'steam:11000010003637e', 'redgull', 0),
	(2346, 'steam:11000010003637e', 'buntband', 0),
	(2347, 'steam:11000010003637e', 'skruvar', 0),
	(2348, 'steam:11000010003637e', 'blowpipe', 0),
	(2349, 'steam:11000010003637e', 'sandwich', 0),
	(2350, 'steam:11000010003637e', 'wood', 0),
	(2351, 'steam:11000010003637e', 'Fishing Rod', 0),
	(2352, 'steam:11000010003637e', 'oxygen_mask', 0),
	(2353, 'steam:11000010003637e', 'Salmon', 0),
	(2354, 'steam:11000010003637e', 'lighter', 0),
	(2355, 'steam:11000010003637e', 'plast', 0),
	(2356, 'steam:11000010003637e', 'sprite', 0),
	(2357, 'steam:11000010003637e', 'korv', 0),
	(2358, 'steam:11000010003637e', 'protein_shake', 0),
	(2359, 'steam:11000010003637e', 'Big Bass', 0),
	(2360, 'steam:11000010003637e', 'phone', 0),
	(2361, 'steam:11000010003637e', 'donut', 0),
	(2362, 'steam:11000010003637e', 'picnic', 0),
	(2363, 'steam:11000010003637e', 'potatis', 0),
	(2364, 'steam:11000010003637e', 'grillad', 0),
	(2365, 'steam:11000010003637e', 'meat', 0),
	(2366, 'steam:11000010003637e', 'phoneoff', 0),
	(2367, 'steam:11000010003637e', 'Pike', 0),
	(2368, 'steam:11000010003637e', 'ogrillad', 0),
	(2369, 'steam:11000010003637e', 'encrypted_simcard', 0),
	(2370, 'steam:11000010003637e', 'steak', 0),
	(2371, 'steam:11000010003637e', 'leather', 0),
	(2372, 'steam:11000010003637e', 'apple', 0),
	(2373, 'steam:11000010003637e', 'bankkey', 0),
	(2374, 'steam:11000010003637e', 'bulletproof', 0),
	(2375, 'steam:11000010003637e', 'hamburgare', 0),
	(2376, 'steam:11000010003637e', 'Bass', 0),
	(2377, 'steam:11000010003637e', 'fixkit', 0),
	(2378, 'steam:11000010003637e', 'blindfold', 0),
	(2379, 'steam:11000010003637e', 'batteri', 0),
	(2380, 'steam:11000010da0ad17', 'meth', 0),
	(2381, 'steam:11000010da0ad17', 'coke_pooch', 0),
	(2382, 'steam:11000010da0ad17', 'meth_pooch', 0),
	(2383, 'steam:11000010da0ad17', 'weed_pooch', 0),
	(2384, 'steam:11000010da0ad17', 'coke', 0),
	(2385, 'steam:11000010da0ad17', 'opium', 0),
	(2386, 'steam:11000010da0ad17', 'weed', 0),
	(2387, 'steam:11000010da0ad17', 'opium_pooch', 0),
	(2388, 'steam:11000010da0ad17', 'weed_seed', 1),
	(2389, 'steam:11000010da0ad17', 'meth_ingredients', 0),
	(2390, 'steam:11000010da0ad17', 'coke_ingredients', 0),
	(2391, 'steam:11000010b797c96', 'bankkey', 0),
	(2392, 'steam:11000010b797c96', 'batteri', 0),
	(2393, 'steam:11000010b797c96', 'lighter', 0),
	(2394, 'steam:11000010b797c96', 'potatis', 0),
	(2395, 'steam:11000010b797c96', 'bulletproof', 0),
	(2396, 'steam:11000010b797c96', 'rose', 0),
	(2397, 'steam:11000010b797c96', 'apple', 0),
	(2398, 'steam:11000010b797c96', 'skruvar', 0),
	(2399, 'steam:11000010b797c96', 'Big Bass', 0),
	(2400, 'steam:11000010b797c96', 'steak', 0),
	(2401, 'steam:11000010b797c96', 'Salmon', 0),
	(2402, 'steam:11000010b797c96', 'wood', 0),
	(2403, 'steam:11000010b797c96', 'grillad', 0),
	(2404, 'steam:11000010b797c96', 'coke_ingredients', 0),
	(2405, 'steam:11000010b797c96', 'encrypted_simcard', 0),
	(2406, 'steam:11000010b797c96', 'coke', 0),
	(2407, 'steam:11000010b797c96', 'aluminium', 0),
	(2408, 'steam:11000010b797c96', 'phone', 0),
	(2409, 'steam:11000010b797c96', 'ogrillad', 0),
	(2410, 'steam:11000010b797c96', 'bread', 0),
	(2411, 'steam:11000010b797c96', 'hamburgare', 0),
	(2412, 'steam:11000010b797c96', 'klubba', 0),
	(2413, 'steam:11000010b797c96', 'gym_membership', 0),
	(2414, 'steam:11000010b797c96', 'munk', 0),
	(2415, 'steam:11000010b797c96', 'meth_pooch', 0),
	(2416, 'steam:11000010b797c96', 'sportlunch', 0),
	(2417, 'steam:11000010b797c96', 'metall', 0),
	(2418, 'steam:11000010b797c96', 'sprite', 0),
	(2419, 'steam:11000010b797c96', 'redgull', 0),
	(2420, 'steam:11000010b797c96', 'cigarett', 0),
	(2421, 'steam:11000010b797c96', 'applemos', 0),
	(2422, 'steam:11000010b797c96', 'opium_pooch', 0),
	(2423, 'steam:11000010b797c96', 'picnic', 0),
	(2424, 'steam:11000010b797c96', 'medikit', 0),
	(2425, 'steam:11000010b797c96', 'meat', 0),
	(2426, 'steam:11000010b797c96', 'Fishing Rod', 0),
	(2427, 'steam:11000010b797c96', 'weed_seed', 0),
	(2428, 'steam:11000010b797c96', 'Big Salmon', 0),
	(2429, 'steam:11000010b797c96', 'skinn', 0),
	(2430, 'steam:11000010b797c96', 'bandage', 0),
	(2431, 'steam:11000010b797c96', 'opium', 0),
	(2432, 'steam:11000010b797c96', 'weed_pooch', 0),
	(2433, 'steam:11000010b797c96', 'weed', 0),
	(2434, 'steam:11000010b797c96', 'protein_shake', 0),
	(2435, 'steam:11000010b797c96', 'Small Pike', 0),
	(2436, 'steam:11000010b797c96', 'Pike', 0),
	(2437, 'steam:11000010b797c96', 'kaffe', 0),
	(2438, 'steam:11000010b797c96', 'umbrella', 0),
	(2439, 'steam:11000010b797c96', 'blowpipe', 0),
	(2440, 'steam:11000010b797c96', 'korv', 0),
	(2441, 'steam:11000010b797c96', 'Small Salmon', 0),
	(2442, 'steam:11000010b797c96', 'meth', 0),
	(2443, 'steam:11000010b797c96', 'meth_ingredients', 0),
	(2444, 'steam:11000010b797c96', 'Small Bass', 0),
	(2445, 'steam:11000010b797c96', 'Fishing Lure', 0),
	(2446, 'steam:11000010b797c96', 'donut', 0),
	(2447, 'steam:11000010b797c96', 'sandwich', 0),
	(2448, 'steam:11000010b797c96', 'blindfold', 0),
	(2449, 'steam:11000010b797c96', 'policecard', 0),
	(2450, 'steam:11000010b797c96', 'phoneoff', 0),
	(2451, 'steam:11000010b797c96', 'leather', 0),
	(2452, 'steam:11000010b797c96', 'water', 0),
	(2453, 'steam:11000010b797c96', 'plast', 0),
	(2454, 'steam:11000010b797c96', 'powerade', 0),
	(2455, 'steam:11000010b797c96', 'Bass', 0),
	(2456, 'steam:11000010b797c96', 'cola', 0),
	(2457, 'steam:11000010b797c96', 'Big Pike', 0),
	(2458, 'steam:11000010b797c96', 'coke_pooch', 0),
	(2459, 'steam:11000010b797c96', 'anti', 0),
	(2460, 'steam:11000010b797c96', 'fixkit', 0),
	(2461, 'steam:11000010b797c96', 'buntband', 0),
	(2462, 'steam:11000010b797c96', 'oxygen_mask', 0),
	(2463, 'steam:1100001121385c4', 'meth', 0),
	(2464, 'steam:1100001121385c4', 'coke', 0),
	(2465, 'steam:1100001121385c4', 'opium', 0),
	(2466, 'steam:1100001121385c4', 'weed', 0),
	(2467, 'steam:1100001121385c4', 'coke_ingredients', 0),
	(2468, 'steam:1100001121385c4', 'weed_pooch', 0),
	(2469, 'steam:1100001121385c4', 'meth_ingredients', 0),
	(2470, 'steam:1100001121385c4', 'weed_seed', 0),
	(2471, 'steam:1100001121385c4', 'drill', 0),
	(2472, 'steam:1100001121385c4', 'opium_pooch', 0),
	(2473, 'steam:1100001121385c4', 'coke_pooch', 0),
	(2474, 'steam:1100001121385c4', 'meth_pooch', 0),
	(2475, 'steam:11000010e17cc5d', 'weed', 0),
	(2476, 'steam:11000010e17cc5d', 'coke_ingredients', 0),
	(2477, 'steam:11000010e17cc5d', 'coke', 0),
	(2478, 'steam:11000010e17cc5d', 'meth', 0),
	(2479, 'steam:11000010e17cc5d', 'opium', 0),
	(2480, 'steam:11000010e17cc5d', 'opium_pooch', 0),
	(2481, 'steam:11000010e17cc5d', 'weed_seed', 0),
	(2482, 'steam:11000010e17cc5d', 'weed_pooch', 0),
	(2483, 'steam:11000010e17cc5d', 'drill', 0),
	(2484, 'steam:11000010e17cc5d', 'meth_ingredients', 0),
	(2485, 'steam:11000010e17cc5d', 'meth_pooch', 0),
	(2486, 'steam:11000010e17cc5d', 'coke_pooch', 0),
	(2487, 'steam:11000010da0ad17', 'drill', 0),
	(2488, 'steam:1100001053fa0b2', 'coke_pooch', 0),
	(2489, 'steam:1100001053fa0b2', 'weed_seed', 0),
	(2490, 'steam:1100001053fa0b2', 'coke_ingredients', 0),
	(2491, 'steam:1100001053fa0b2', 'weed', 0),
	(2492, 'steam:1100001053fa0b2', 'coke', 0),
	(2493, 'steam:1100001053fa0b2', 'drill', 0),
	(2494, 'steam:1100001053fa0b2', 'opium_pooch', 0),
	(2495, 'steam:1100001053fa0b2', 'weed_pooch', 0),
	(2496, 'steam:1100001053fa0b2', 'opium', 0),
	(2497, 'steam:1100001053fa0b2', 'meth_pooch', 0),
	(2498, 'steam:1100001053fa0b2', 'meth_ingredients', 0),
	(2499, 'steam:1100001053fa0b2', 'meth', 0),
	(2500, 'steam:110000103cf90e3', 'coke', 0),
	(2501, 'steam:110000103cf90e3', 'coke_pooch', 0),
	(2502, 'steam:110000103cf90e3', 'weed_pooch', 0),
	(2503, 'steam:110000103cf90e3', 'coke_ingredients', 0),
	(2504, 'steam:110000103cf90e3', 'opium_pooch', 0),
	(2505, 'steam:110000103cf90e3', 'meth_pooch', 0),
	(2506, 'steam:110000103cf90e3', 'meth', 0),
	(2507, 'steam:110000103cf90e3', 'opium', 0),
	(2508, 'steam:110000103cf90e3', 'weed', 0),
	(2509, 'steam:110000103cf90e3', 'weed_seed', 0),
	(2510, 'steam:110000103cf90e3', 'drill', 0),
	(2511, 'steam:110000103cf90e3', 'meth_ingredients', 0),
	(2512, 'steam:1100001014c0f32', 'coke_ingredients', 0),
	(2513, 'steam:1100001014c0f32', 'weed_seed', 0),
	(2514, 'steam:1100001014c0f32', 'meth', 0),
	(2515, 'steam:1100001014c0f32', 'coke_pooch', 0),
	(2516, 'steam:1100001014c0f32', 'opium', 0),
	(2517, 'steam:1100001014c0f32', 'weed', 0),
	(2518, 'steam:1100001014c0f32', 'meth_ingredients', 0),
	(2519, 'steam:1100001014c0f32', 'drill', 0),
	(2520, 'steam:1100001014c0f32', 'coke', 0),
	(2521, 'steam:1100001014c0f32', 'weed_pooch', 0),
	(2522, 'steam:1100001014c0f32', 'opium_pooch', 0),
	(2523, 'steam:1100001014c0f32', 'meth_pooch', 0),
	(2524, 'steam:11000010b797c96', 'drill', 0),
	(2525, 'steam:11000010bf0ba8a', 'anti', 0),
	(2526, 'steam:11000010bf0ba8a', 'klubba', 0),
	(2527, 'steam:11000010bf0ba8a', 'meth', 0),
	(2528, 'steam:11000010bf0ba8a', 'weed_seed', 0),
	(2529, 'steam:11000010bf0ba8a', 'wood', 0),
	(2530, 'steam:11000010bf0ba8a', 'ogrillad', 0),
	(2531, 'steam:11000010bf0ba8a', 'Fishing Lure', 0),
	(2532, 'steam:11000010bf0ba8a', 'coke_ingredients', 0),
	(2533, 'steam:11000010bf0ba8a', 'fixkit', 0),
	(2534, 'steam:11000010bf0ba8a', 'bulletproof', 0),
	(2535, 'steam:11000010bf0ba8a', 'encrypted_simcard', 0),
	(2536, 'steam:11000010bf0ba8a', 'cola', 0),
	(2537, 'steam:11000010bf0ba8a', 'kaffe', 0),
	(2538, 'steam:11000010bf0ba8a', 'Small Pike', 0),
	(2539, 'steam:11000010bf0ba8a', 'coke_pooch', 0),
	(2540, 'steam:11000010bf0ba8a', 'plast', 0),
	(2541, 'steam:11000010bf0ba8a', 'Pike', 0),
	(2542, 'steam:11000010bf0ba8a', 'potatis', 0),
	(2543, 'steam:11000010bf0ba8a', 'grillad', 0),
	(2544, 'steam:11000010bf0ba8a', 'buntband', 0),
	(2545, 'steam:11000010bf0ba8a', 'lighter', 0),
	(2546, 'steam:11000010bf0ba8a', 'batteri', 0),
	(2547, 'steam:11000010bf0ba8a', 'leather', 0),
	(2548, 'steam:11000010bf0ba8a', 'bankkey', 0),
	(2549, 'steam:11000010bf0ba8a', 'opium', 0),
	(2550, 'steam:11000010bf0ba8a', 'gym_membership', 0),
	(2551, 'steam:11000010bf0ba8a', 'blindfold', 0),
	(2552, 'steam:11000010bf0ba8a', 'sprite', 0),
	(2553, 'steam:11000010bf0ba8a', 'policecard', 0),
	(2554, 'steam:11000010bf0ba8a', 'Big Salmon', 0),
	(2555, 'steam:11000010bf0ba8a', 'sandwich', 0),
	(2556, 'steam:11000010bf0ba8a', 'metall', 0),
	(2557, 'steam:11000010bf0ba8a', 'water', 0),
	(2558, 'steam:11000010bf0ba8a', 'donut', 0),
	(2559, 'steam:11000010bf0ba8a', 'rose', 0),
	(2560, 'steam:11000010bf0ba8a', 'Small Salmon', 0),
	(2561, 'steam:11000010bf0ba8a', 'powerade', 0),
	(2562, 'steam:11000010bf0ba8a', 'coke', 0),
	(2563, 'steam:11000010bf0ba8a', 'oxygen_mask', 0),
	(2564, 'steam:11000010bf0ba8a', 'weed', 0),
	(2565, 'steam:11000010bf0ba8a', 'applemos', 0),
	(2566, 'steam:11000010bf0ba8a', 'bread', 0),
	(2567, 'steam:11000010bf0ba8a', 'protein_shake', 0),
	(2568, 'steam:11000010bf0ba8a', 'meth_ingredients', 0),
	(2569, 'steam:11000010bf0ba8a', 'apple', 0),
	(2570, 'steam:11000010bf0ba8a', 'korv', 0),
	(2571, 'steam:11000010bf0ba8a', 'Big Pike', 0),
	(2572, 'steam:11000010bf0ba8a', 'phone', 0),
	(2573, 'steam:11000010bf0ba8a', 'phoneoff', 0),
	(2574, 'steam:11000010bf0ba8a', 'cigarett', 0),
	(2575, 'steam:11000010bf0ba8a', 'sportlunch', 0),
	(2576, 'steam:11000010bf0ba8a', 'steak', 0),
	(2577, 'steam:11000010bf0ba8a', 'umbrella', 0),
	(2578, 'steam:11000010bf0ba8a', 'bandage', 0),
	(2579, 'steam:11000010bf0ba8a', 'weed_pooch', 0),
	(2580, 'steam:11000010bf0ba8a', 'Small Bass', 0),
	(2581, 'steam:11000010bf0ba8a', 'meth_pooch', 0),
	(2582, 'steam:11000010bf0ba8a', 'redgull', 0),
	(2583, 'steam:11000010bf0ba8a', 'drill', 0),
	(2584, 'steam:11000010bf0ba8a', 'hamburgare', 0),
	(2585, 'steam:11000010bf0ba8a', 'aluminium', 0),
	(2586, 'steam:11000010bf0ba8a', 'skruvar', 0),
	(2587, 'steam:11000010bf0ba8a', 'opium_pooch', 0),
	(2588, 'steam:11000010bf0ba8a', 'blowpipe', 0),
	(2589, 'steam:11000010bf0ba8a', 'Salmon', 0),
	(2590, 'steam:11000010bf0ba8a', 'skinn', 0),
	(2591, 'steam:11000010bf0ba8a', 'picnic', 0),
	(2592, 'steam:11000010bf0ba8a', 'meat', 0),
	(2593, 'steam:11000010bf0ba8a', 'munk', 0),
	(2594, 'steam:11000010bf0ba8a', 'Bass', 0),
	(2595, 'steam:11000010bf0ba8a', 'medikit', 0),
	(2596, 'steam:11000010bf0ba8a', 'Fishing Rod', 0),
	(2597, 'steam:11000010bf0ba8a', 'Big Bass', 0);
/*!40000 ALTER TABLE `user_inventory` ENABLE KEYS */;

-- Dumping structure for table essentialmode.user_keys
CREATE TABLE IF NOT EXISTS `user_keys` (
  `id` int(11) NOT NULL AUTO_INCREMENT,
  `identifier` varchar(50) NOT NULL,
  `key_name` varchar(50) NOT NULL,
  `key_unit` varchar(50) NOT NULL,
  PRIMARY KEY (`id`)
) ENGINE=InnoDB DEFAULT CHARSET=latin1;

-- Dumping data for table essentialmode.user_keys: ~0 rows (approximately)
/*!40000 ALTER TABLE `user_keys` DISABLE KEYS */;
/*!40000 ALTER TABLE `user_keys` ENABLE KEYS */;

-- Dumping structure for table essentialmode.user_lastcharacter
CREATE TABLE IF NOT EXISTS `user_lastcharacter` (
  `steamid` varchar(255) NOT NULL,
  `charid` int(11) NOT NULL
) ENGINE=InnoDB DEFAULT CHARSET=latin1;

-- Dumping data for table essentialmode.user_lastcharacter: ~38 rows (approximately)
/*!40000 ALTER TABLE `user_lastcharacter` DISABLE KEYS */;
INSERT INTO `user_lastcharacter` (`steamid`, `charid`) VALUES
	('steam:11000010c6a226e', 1),
	('steam:1100001121385c4', 1),
	('steam:110000114898b97', 1),
	('steam:11000010a2f0ca2', 1),
	('steam:11000010acee315', 1),
	('steam:11000013466bebc', 1),
	('steam:110000116fa1ad3', 1),
	('steam:1100001169feb5e', 1),
	('steam:110000103b6bb22', 1),
	('steam:11000010e41b873', 1),
	('steam:110000117a8d3e4', 1),
	('steam:1100001014c0f32', 1),
	('steam:11000010cfda651', 1),
	('steam:11000011b7fc75b', 1),
	('steam:110000114093c56', 1),
	('steam:11000010d84c1d1', 1),
	('steam:11000010da0ad17', 1),
	('steam:110000117f2b3c9', 1),
	('steam:11000010e17cc5d', 1),
	('steam:1100001154e1295', 1),
	('steam:11000010f2c4a51', 1),
	('steam:11000010f673004', 1),
	('steam:11000011b49bddc', 1),
	('steam:110000136e66411', 1),
	('steam:1100001053fa0b2', 1),
	('steam:1100001186575b4', 1),
	('steam:110000118327047', 1),
	('steam:110000134a88ca8', 1),
	('steam:11000010a79f3aa', 1),
	('steam:110000116f9d5a5', 1),
	('steam:110000109a83943', 1),
	('steam:11000010bed4eaa', 1),
	('steam:110000106229b86', 1),
	('steam:110000107100940', 1),
	('steam:110000103cf90e3', 1),
	('steam:11000010003637e', 1),
	('steam:11000010b797c96', 1),
	('steam:11000010bf0ba8a', 1);
/*!40000 ALTER TABLE `user_lastcharacter` ENABLE KEYS */;

-- Dumping structure for table essentialmode.user_licenses
CREATE TABLE IF NOT EXISTS `user_licenses` (
  `id` int(11) NOT NULL AUTO_INCREMENT,
  `type` varchar(255) CHARACTER SET utf8mb4 COLLATE utf8mb4_bin NOT NULL,
  `owner` varchar(255) CHARACTER SET utf8mb4 COLLATE utf8mb4_bin NOT NULL,
  PRIMARY KEY (`id`)
) ENGINE=InnoDB AUTO_INCREMENT=5 DEFAULT CHARSET=latin1;

-- Dumping data for table essentialmode.user_licenses: ~4 rows (approximately)
/*!40000 ALTER TABLE `user_licenses` DISABLE KEYS */;
INSERT INTO `user_licenses` (`id`, `type`, `owner`) VALUES
	(1, 'dmv', 'steam:1100001169feb5e'),
	(2, 'drive', 'steam:1100001169feb5e'),
	(3, 'dmv', 'steam:1100001186575b4'),
	(4, 'drive', 'steam:1100001186575b4');
/*!40000 ALTER TABLE `user_licenses` ENABLE KEYS */;

-- Dumping structure for table essentialmode.user_storages
CREATE TABLE IF NOT EXISTS `user_storages` (
  `id` int(11) NOT NULL AUTO_INCREMENT,
  `identifier` varchar(50) NOT NULL,
  `storage_unit` int(50) NOT NULL,
  `storage_key_name` varchar(50) NOT NULL,
  PRIMARY KEY (`id`)
) ENGINE=InnoDB DEFAULT CHARSET=latin1;

-- Dumping data for table essentialmode.user_storages: ~0 rows (approximately)
/*!40000 ALTER TABLE `user_storages` DISABLE KEYS */;
/*!40000 ALTER TABLE `user_storages` ENABLE KEYS */;

-- Dumping structure for table essentialmode.user_storages_items
CREATE TABLE IF NOT EXISTS `user_storages_items` (
  `id` int(11) NOT NULL AUTO_INCREMENT,
  `storage_unit` int(11) NOT NULL,
  `item` varchar(255) NOT NULL,
  `count` int(11) NOT NULL,
  `weapon` varchar(255) NOT NULL,
  PRIMARY KEY (`id`)
) ENGINE=InnoDB DEFAULT CHARSET=latin1;

-- Dumping data for table essentialmode.user_storages_items: ~0 rows (approximately)
/*!40000 ALTER TABLE `user_storages_items` DISABLE KEYS */;
/*!40000 ALTER TABLE `user_storages_items` ENABLE KEYS */;

-- Dumping structure for table essentialmode.user_whitelist
CREATE TABLE IF NOT EXISTS `user_whitelist` (
  `identifier` varchar(255) NOT NULL,
  `whitelisted` tinyint(1) NOT NULL DEFAULT '0',
  PRIMARY KEY (`identifier`)
) ENGINE=InnoDB DEFAULT CHARSET=utf8;

-- Dumping data for table essentialmode.user_whitelist: ~43 rows (approximately)
/*!40000 ALTER TABLE `user_whitelist` DISABLE KEYS */;
INSERT INTO `user_whitelist` (`identifier`, `whitelisted`) VALUES
	('steam:11000010003637e ', 1),
	('steam:1100001014c0f32', 1),
	('steam:110000103b6bb22', 1),
	('steam:110000103cf90e3 ', 1),
	('steam:1100001053fa0b2 ', 1),
	('steam:110000106229b86', 1),
	('steam:110000107100940', 1),
	('steam:110000109a83943', 1),
	('steam:11000010a2f0ca2', 1),
	('steam:11000010a79f3aa', 1),
	('steam:11000010acee315', 1),
	('steam:11000010b797c96', 1),
	('steam:11000010bed4eaa', 1),
	('steam:11000010bf0ba8a ', 1),
	('steam:11000010c6a226e', 1),
	('steam:11000010cfda651', 1),
	('steam:11000010d1235cb', 1),
	('steam:11000010d84c1d1', 1),
	('steam:11000010da0ad17 ', 1),
	('steam:11000010e17cc5d', 1),
	('steam:11000010e41b873', 1),
	('steam:11000010f2c4a51', 1),
	('steam:11000010f673004', 1),
	('steam:1100001121385c4', 1),
	('steam:1100001135159c8 ', 1),
	('steam:110000114093c56', 1),
	('steam:110000114898b97', 1),
	('steam:1100001154e1295', 1),
	('steam:1100001169feb5e', 1),
	('steam:110000116f9d5a5', 1),
	('steam:110000116fa1ad3', 1),
	('steam:1100001177cc0fc ', 1),
	('steam:110000117a8d3e4', 1),
	('steam:110000117f2b3c9', 1),
	('steam:110000118327047', 1),
	('steam:1100001186575b4', 1),
	('steam:11000011a90b39c ', 1),
	('steam:11000011b49bddc ', 1),
	('steam:11000011b7fc75b ', 1),
	('steam:11000013466bebc', 1),
	('steam:110000134a88ca8', 1),
	('steam:110000135780b42', 1),
	('steam:110000136e66411 ', 1);
/*!40000 ALTER TABLE `user_whitelist` ENABLE KEYS */;

-- Dumping structure for table essentialmode.vehicles
CREATE TABLE IF NOT EXISTS `vehicles` (
  `name` varchar(60) NOT NULL,
  `model` varchar(60) NOT NULL,
  `price` int(11) NOT NULL,
  `category` varchar(60) DEFAULT NULL,
  PRIMARY KEY (`model`)
) ENGINE=InnoDB DEFAULT CHARSET=latin1;

-- Dumping data for table essentialmode.vehicles: ~212 rows (approximately)
/*!40000 ALTER TABLE `vehicles` DISABLE KEYS */;
INSERT INTO `vehicles` (`name`, `model`, `price`, `category`) VALUES
	('Adder', 'adder', 900000, 'super'),
	('Akuma', 'AKUMA', 7500, 'motorcycles'),
	('Alpha', 'alpha', 60000, 'sports'),
	('Ardent', 'ardent', 1150000, 'sportsclassics'),
	('Asea', 'asea', 5500, 'sedans'),
	('Autarch', 'autarch', 1955000, 'super'),
	('Avarus', 'avarus', 18000, 'motorcycles'),
	('Bagger', 'bagger', 13500, 'motorcycles'),
	('Baller', 'baller2', 40000, 'suvs'),
	('Baller Sport', 'baller3', 60000, 'suvs'),
	('Banshee', 'banshee', 70000, 'sports'),
	('Banshee 900R', 'banshee2', 255000, 'super'),
	('Bati 801', 'bati', 12000, 'motorcycles'),
	('Bati 801RR', 'bati2', 19000, 'motorcycles'),
	('Bestia GTS', 'bestiagts', 55000, 'sports'),
	('BF400', 'bf400', 6500, 'motorcycles'),
	('Bf Injection', 'bfinjection', 16000, 'offroad'),
	('Bifta', 'bifta', 12000, 'offroad'),
	('Bison', 'bison', 45000, 'vans'),
	('Blade', 'blade', 15000, 'muscle'),
	('Blazer', 'blazer', 6500, 'offroad'),
	('Blazer Sport', 'blazer4', 8500, 'offroad'),
	('blazer5', 'blazer5', 1755600, 'offroad'),
	('Blista', 'blista', 8000, 'compacts'),
	('BMX (velo)', 'bmx', 160, 'motorcycles'),
	('Bobcat XL', 'bobcatxl', 32000, 'vans'),
	('Brawler', 'brawler', 45000, 'offroad'),
	('Brioso R/A', 'brioso', 18000, 'compacts'),
	('Btype', 'btype', 62000, 'sportsclassics'),
	('Btype Hotroad', 'btype2', 155000, 'sportsclassics'),
	('Btype Luxe', 'btype3', 85000, 'sportsclassics'),
	('Buccaneer', 'buccaneer', 18000, 'muscle'),
	('Buccaneer Rider', 'buccaneer2', 24000, 'muscle'),
	('Buffalo', 'buffalo', 12000, 'sports'),
	('Buffalo S', 'buffalo2', 20000, 'sports'),
	('Bullet', 'bullet', 90000, 'super'),
	('Burrito', 'burrito3', 19000, 'vans'),
	('Camper', 'camper', 42000, 'vans'),
	('Carbonizzare', 'carbonizzare', 75000, 'sports'),
	('Carbon RS', 'carbonrs', 18000, 'motorcycles'),
	('Casco', 'casco', 30000, 'sportsclassics'),
	('Cavalcade', 'cavalcade2', 55000, 'suvs'),
	('Cheetah', 'cheetah', 375000, 'super'),
	('Chimera', 'chimera', 38000, 'motorcycles'),
	('Chino', 'chino', 15000, 'muscle'),
	('Chino Luxe', 'chino2', 19000, 'muscle'),
	('Cliffhanger', 'cliffhanger', 9500, 'motorcycles'),
	('Cognoscenti Cabrio', 'cogcabrio', 55000, 'coupes'),
	('Cognoscenti', 'cognoscenti', 55000, 'sedans'),
	('Comet', 'comet2', 65000, 'sports'),
	('Comet 5', 'comet5', 1145000, 'sports'),
	('Contender', 'contender', 70000, 'suvs'),
	('Coquette', 'coquette', 65000, 'sports'),
	('Coquette Classic', 'coquette2', 40000, 'sportsclassics'),
	('Coquette BlackFin', 'coquette3', 55000, 'muscle'),
	('Cruiser (velo)', 'cruiser', 510, 'motorcycles'),
	('Cyclone', 'cyclone', 1890000, 'super'),
	('Daemon', 'daemon', 11500, 'motorcycles'),
	('Daemon High', 'daemon2', 13500, 'motorcycles'),
	('Defiler', 'defiler', 9800, 'motorcycles'),
	('Dominator', 'dominator', 35000, 'muscle'),
	('Double T', 'double', 28000, 'motorcycles'),
	('Dubsta', 'dubsta', 45000, 'suvs'),
	('Dubsta Luxuary', 'dubsta2', 60000, 'suvs'),
	('Bubsta 6x6', 'dubsta3', 120000, 'offroad'),
	('Dukes', 'dukes', 28000, 'muscle'),
	('Dune Buggy', 'dune', 8000, 'offroad'),
	('Elegy', 'elegy2', 38500, 'sports'),
	('Emperor', 'emperor', 8500, 'sedans'),
	('Enduro', 'enduro', 5500, 'motorcycles'),
	('Entity XF', 'entityxf', 425000, 'super'),
	('Esskey', 'esskey', 4200, 'motorcycles'),
	('Exemplar', 'exemplar', 32000, 'coupes'),
	('F620', 'f620', 40000, 'coupes'),
	('Faction', 'faction', 20000, 'muscle'),
	('Faction Rider', 'faction2', 30000, 'muscle'),
	('Faction XL', 'faction3', 40000, 'muscle'),
	('Faggio', 'faggio', 1900, 'motorcycles'),
	('Vespa', 'faggio2', 2800, 'motorcycles'),
	('Felon', 'felon', 42000, 'coupes'),
	('Felon GT', 'felon2', 55000, 'coupes'),
	('Feltzer', 'feltzer2', 55000, 'sports'),
	('Stirling GT', 'feltzer3', 65000, 'sportsclassics'),
	('Fixter (velo)', 'fixter', 225, 'motorcycles'),
	('FMJ', 'fmj', 185000, 'super'),
	('Fhantom', 'fq2', 17000, 'suvs'),
	('Fugitive', 'fugitive', 12000, 'sedans'),
	('Furore GT', 'furoregt', 45000, 'sports'),
	('Fusilade', 'fusilade', 40000, 'sports'),
	('Gargoyle', 'gargoyle', 16500, 'motorcycles'),
	('Gauntlet', 'gauntlet', 30000, 'muscle'),
	('Burrito', 'gburrito2', 29000, 'vans'),
	('Glendale', 'glendale', 6500, 'sedans'),
	('Grabger', 'granger', 50000, 'suvs'),
	('Gresley', 'gresley', 47500, 'suvs'),
	('GT 500', 'gt500', 785000, 'sportsclassics'),
	('Guardian', 'guardian', 45000, 'offroad'),
	('Hakuchou', 'hakuchou', 31000, 'motorcycles'),
	('Hakuchou Sport', 'hakuchou2', 55000, 'motorcycles'),
	('Hermes', 'hermes', 535000, 'muscle'),
	('Hexer', 'hexer', 12000, 'motorcycles'),
	('Hotknife', 'hotknife', 125000, 'muscle'),
	('Huntley S', 'huntley', 40000, 'suvs'),
	('Hustler', 'hustler', 625000, 'muscle'),
	('Infernus', 'infernus', 180000, 'super'),
	('Innovation', 'innovation', 23500, 'motorcycles'),
	('Intruder', 'intruder', 7500, 'sedans'),
	('Issi', 'issi2', 10000, 'compacts'),
	('Jackal', 'jackal', 38000, 'coupes'),
	('Jester', 'jester', 65000, 'sports'),
	('Jester(Racecar)', 'jester2', 135000, 'sports'),
	('Journey', 'journey', 6500, 'vans'),
	('Kamacho', 'kamacho', 345000, 'offroad'),
	('Khamelion', 'khamelion', 38000, 'sports'),
	('Kuruma', 'kuruma', 30000, 'sports'),
	('Landstalker', 'landstalker', 35000, 'suvs'),
	('RE-7B', 'le7b', 325000, 'super'),
	('Lynx', 'lynx', 40000, 'sports'),
	('Mamba', 'mamba', 70000, 'sports'),
	('Manana', 'manana', 12800, 'sportsclassics'),
	('Manchez', 'manchez', 5300, 'motorcycles'),
	('Massacro', 'massacro', 65000, 'sports'),
	('Massacro(Racecar)', 'massacro2', 130000, 'sports'),
	('Mesa', 'mesa', 16000, 'suvs'),
	('Mesa Trail', 'mesa3', 40000, 'suvs'),
	('Minivan', 'minivan', 13000, 'vans'),
	('Monroe', 'monroe', 55000, 'sportsclassics'),
	('Moonbeam', 'moonbeam', 18000, 'vans'),
	('Moonbeam Rider', 'moonbeam2', 35000, 'vans'),
	('Nemesis', 'nemesis', 5800, 'motorcycles'),
	('Neon', 'neon', 1500000, 'sports'),
	('Nightblade', 'nightblade', 35000, 'motorcycles'),
	('Nightshade', 'nightshade', 65000, 'muscle'),
	('9F', 'ninef', 65000, 'sports'),
	('9F Cabrio', 'ninef2', 80000, 'sports'),
	('Omnis', 'omnis', 35000, 'sports'),
	('Oracle XS', 'oracle2', 35000, 'coupes'),
	('Osiris', 'osiris', 160000, 'super'),
	('Panto', 'panto', 10000, 'compacts'),
	('Paradise', 'paradise', 19000, 'vans'),
	('Patriot', 'patriot', 55000, 'suvs'),
	('PCJ-600', 'pcj', 6200, 'motorcycles'),
	('Penumbra', 'penumbra', 28000, 'sports'),
	('Pfister', 'pfister811', 85000, 'super'),
	('Phoenix', 'phoenix', 12500, 'muscle'),
	('Picador', 'picador', 18000, 'muscle'),
	('Pigalle', 'pigalle', 20000, 'sportsclassics'),
	('Prairie', 'prairie', 12000, 'compacts'),
	('Premier', 'premier', 8000, 'sedans'),
	('Radius', 'radi', 29000, 'suvs'),
	('raiden', 'raiden', 1375000, 'sports'),
	('Rapid GT', 'rapidgt', 35000, 'sports'),
	('Rapid GT3', 'rapidgt3', 885000, 'sportsclassics'),
	('Reaper', 'reaper', 150000, 'super'),
	('Rebel', 'rebel2', 35000, 'offroad'),
	('Retinue', 'retinue', 615000, 'sportsclassics'),
	('riata', 'riata', 380000, 'offroad'),
	('Rocoto', 'rocoto', 45000, 'suvs'),
	('Ruffian', 'ruffian', 6800, 'motorcycles'),
	('Sabre Turbo', 'sabregt', 20000, 'muscle'),
	('Sabre GT', 'sabregt2', 25000, 'muscle'),
	('Sanchez', 'sanchez', 5300, 'motorcycles'),
	('Sanchez Sport', 'sanchez2', 5300, 'motorcycles'),
	('Sanctus', 'sanctus', 25000, 'motorcycles'),
	('Sandking', 'sandking', 55000, 'offroad'),
	('Savestra', 'savestra', 990000, 'sportsclassics'),
	('SC 1', 'sc1', 1603000, 'super'),
	('Schafter', 'schafter2', 25000, 'sedans'),
	('Schafter V12', 'schafter3', 50000, 'sports'),
	('Scorcher (velo)', 'scorcher', 280, 'motorcycles'),
	('Seminole', 'seminole', 25000, 'suvs'),
	('Sentinel', 'sentinel', 32000, 'coupes'),
	('Sentinel XS', 'sentinel2', 40000, 'coupes'),
	('Sentinel3', 'sentinel3', 650000, 'sports'),
	('Slam Van', 'slamvan3', 11500, 'muscle'),
	('Sovereign', 'sovereign', 22000, 'motorcycles'),
	('Stinger', 'stinger', 80000, 'sportsclassics'),
	('Stinger GT', 'stingergt', 75000, 'sportsclassics'),
	('Streiter', 'streiter', 500000, 'sports'),
	('Stretch', 'stretch', 90000, 'sedans'),
	('Sultan RS', 'sultanrs', 65000, 'super'),
	('Super Diamond', 'superd', 130000, 'sedans'),
	('Surano', 'surano', 50000, 'sports'),
	('T20', 't20', 300000, 'super'),
	('Tailgater', 'tailgater', 30000, 'sedans'),
	('Thrust', 'thrust', 24000, 'motorcycles'),
	('Tri bike (velo)', 'tribike3', 520, 'motorcycles'),
	('Tropos', 'tropos', 40000, 'sports'),
	('Turismo R', 'turismor', 350000, 'super'),
	('Tyrus', 'tyrus', 600000, 'super'),
	('Vacca', 'vacca', 120000, 'super'),
	('Vader', 'vader', 7200, 'motorcycles'),
	('Verlierer', 'verlierer2', 70000, 'sports'),
	('Vigero', 'vigero', 12500, 'muscle'),
	('Virgo', 'virgo', 14000, 'muscle'),
	('Viseris', 'viseris', 875000, 'sportsclassics'),
	('Visione', 'visione', 2250000, 'super'),
	('Voltic', 'voltic', 90000, 'super'),
	('Voodoo', 'voodoo', 7200, 'muscle'),
	('Vortex', 'vortex', 9800, 'motorcycles'),
	('Warrener', 'warrener', 4000, 'sedans'),
	('Washington', 'washington', 9000, 'sedans'),
	('Windsor', 'windsor', 95000, 'coupes'),
	('Windsor Drop', 'windsor2', 125000, 'coupes'),
	('Woflsbane', 'wolfsbane', 9000, 'motorcycles'),
	('XLS', 'xls', 32000, 'suvs'),
	('Yosemite', 'yosemite', 485000, 'muscle'),
	('Youga', 'youga', 10800, 'vans'),
	('Youga Luxuary', 'youga2', 14500, 'vans'),
	('Z190', 'z190', 900000, 'sportsclassics'),
	('Zentorno', 'zentorno', 1500000, 'super'),
	('Zombie Luxuary', 'zombieb', 12000, 'motorcycles');
/*!40000 ALTER TABLE `vehicles` ENABLE KEYS */;

-- Dumping structure for table essentialmode.vehicle_categories
CREATE TABLE IF NOT EXISTS `vehicle_categories` (
  `name` varchar(60) NOT NULL,
  `label` varchar(60) NOT NULL,
  PRIMARY KEY (`name`)
) ENGINE=InnoDB DEFAULT CHARSET=latin1;

-- Dumping data for table essentialmode.vehicle_categories: ~11 rows (approximately)
/*!40000 ALTER TABLE `vehicle_categories` DISABLE KEYS */;
INSERT INTO `vehicle_categories` (`name`, `label`) VALUES
	('compacts', 'Kompakta'),
	('coupes', 'Kupeér'),
	('motorcycles', 'Motorcyklar'),
	('muscle', 'Muskelbilar'),
	('offroad', 'Terrängfordon'),
	('sedans', 'Sedaner'),
	('sports', 'Sportbilar'),
	('sportsclassics', 'Klassiska sportbilar'),
	('super', 'Superbilar'),
	('suvs', 'SUVs'),
	('vans', 'Skåpbilar');
/*!40000 ALTER TABLE `vehicle_categories` ENABLE KEYS */;

/*!40101 SET SQL_MODE=IFNULL(@OLD_SQL_MODE, '') */;
/*!40014 SET FOREIGN_KEY_CHECKS=IF(@OLD_FOREIGN_KEY_CHECKS IS NULL, 1, @OLD_FOREIGN_KEY_CHECKS) */;
/*!40101 SET CHARACTER_SET_CLIENT=@OLD_CHARACTER_SET_CLIENT */;
